time_stamp,utc_time,latitude,longitude,pressure_alt,gnss_alt,acc_hor,acc_vert,acc_vel,vel_vert,ns_vog,ew_vog,intent_change,autopilot_enabled,nicbaro_crosschecked,on_ground,ident,squawk,fix_type,num_sats,em_status,adsb_enable,modeA_enable,modeC_enable,modeS_enable
54751.016,1279552350,27.549414,-82.542502,-38.878,-19.692,22.390,13.57,4.578,0.02,0.00,0.000,0,0,0,0,0,"2260",4,9,0,7,0,0,0
54752.016,1279552351,27.549414,-82.542502,-39.266,-19.692,22.433,13.57,4.586,0.02,0.00,0.000,0,0,0,0,0,"2260",4,8,0,7,0,0,0
54753.016,1279552352,27.549414,-82.542502,-39.060,-19.706,22.131,13.36,4.526,0.03,-0.01,0.010,0,0,0,0,0,"2260",4,9,0,7,0,0,0
54754.016,1279552353,27.549414,-82.542502,-38.939,-19.706,22.131,13.36,4.526,0.02,0.01,-0.020,0,0,0,0,0,"2260",4,9,0,7,0,0,0
54755.019,1279552354,27.549414,-82.542502,-38.986,-19.706,22.131,13.36,4.526,0.03,0.00,-0.010,0,0,0,0,0,"2260",4,8,0,7,0,0,0
54756.015,1279552355,27.549414,-82.542502,-38.884,-19.706,22.174,13.43,4.534,0.05,-0.01,0.010,0,0,0,0,0,"2260",4,8,0,7,0,0,0
54757.016,1279552356,27.549414,-82.542502,-39.058,-19.706,22.218,13.43,4.543,0.04,0.00,0.000,0,0,0,0,0,"2260",4,9,0,7,0,0,0
54758.016,1279552357,27.549414,-82.542502,-38.943,-19.706,22.218,13.43,4.543,0.03,0.00,0.000,0,0,0,0,0,"2260",4,7,0,7,0,0,0
54759.015,1279552358,27.549414,-82.542502,-39.168,-19.706,22.218,13.43,4.543,0.00,0.03,0.000,0,0,0,0,0,"2260",4,9,0,7,0,0,0
54760.016,1279552359,27.549414,-82.542502,-38.769,-19.706,22.218,13.43,4.543,-0.01,0.01,-0.020,0,0,0,0,0,"2260",4,9,0,7,0,0,0
54761.016,1279552360,27.549414,-82.542502,-38.984,-19.706,22.261,13.50,4.552,-0.03,0.00,0.000,0,0,0,0,0,"2260",4,9,0,7,0,0,0
54762.016,1279552361,27.549414,-82.542502,-38.564,-19.706,22.304,13.50,4.560,-0.02,0.00,0.000,0,0,0,0,0,"2260",4,8,0,7,0,0,0
54763.015,1279552362,27.549414,-82.542502,-39.047,-19.706,22.304,13.50,4.560,-0.01,0.00,-0.010,0,0,0,0,0,"2260",4,8,0,7,0,0,0
54764.016,1279552363,27.549414,-82.542502,-39.224,-19.706,22.304,13.50,4.560,0.01,0.00,0.000,0,0,0,0,0,"2260",4,8,0,7,0,0,0
54765.016,1279552364,27.549414,-82.542502,-39.082,-19.706,22.304,13.50,4.560,0.02,0.00,0.000,0,0,0,0,0,"2260",4,8,0,7,0,0,0
54766.016,1279552365,27.549414,-82.542502,-39.240,-19.706,22.347,13.57,4.569,0.03,0.00,0.000,0,0,0,0,0,"2260",4,8,0,7,0,0,0
54767.015,1279552366,27.549414,-82.542502,-38.821,-19.706,22.390,13.57,4.578,0.02,0.00,0.000,0,0,0,0,0,"2260",4,9,0,7,0,0,0
54768.016,1279552367,27.549414,-82.542502,-38.960,-19.706,22.390,13.57,4.578,0.01,0.00,0.000,0,0,0,0,0,"2260",4,8,0,7,0,0,0
54769.016,1279552368,27.549414,-82.542502,-39.003,-19.706,22.390,13.57,4.578,0.00,0.01,0.000,0,0,0,0,0,"2260",4,9,0,7,0,0,0
54770.016,1279552369,27.549414,-82.542502,-39.029,-19.706,22.390,13.57,4.578,0.00,-0.01,0.000,0,0,0,0,0,"2260",4,9,0,7,0,0,0
54771.016,1279552370,27.549414,-82.542502,-38.961,-19.706,22.433,13.64,4.586,0.01,0.01,-0.010,0,0,0,0,0,"2260",4,9,0,7,0,0,0
54772.016,1279552371,27.549414,-82.542502,-38.950,-19.706,22.475,13.64,4.595,0.01,0.00,-0.010,0,0,0,0,0,"2260",4,8,0,7,0,0,0
54773.016,1279552372,27.549414,-82.542502,-39.136,-19.706,22.475,13.64,4.595,0.04,0.00,0.000,0,0,0,0,0,"2260",4,9,0,7,0,0,0
54774.016,1279552373,27.549414,-82.542502,-38.809,-19.706,22.475,13.64,4.595,0.03,0.00,0.000,0,0,0,0,0,"2260",4,7,0,7,0,0,0
54775.016,1279552374,27.549414,-82.542502,-39.011,-19.706,22.475,13.64,4.595,0.03,0.00,0.000,0,0,0,0,0,"2260",4,7,0,7,0,0,0
54776.016,1279552375,27.549414,-82.542502,-38.935,-19.706,22.518,13.72,4.603,0.03,0.00,0.010,0,0,0,0,0,"2260",4,9,0,7,0,0,0
54777.016,1279552376,27.549414,-82.542502,-39.295,-19.706,22.561,13.72,4.612,0.03,0.00,0.000,0,0,0,0,0,"2260",4,8,0,7,0,0,0
54778.016,1279552377,27.549414,-82.542502,-39.154,-19.706,22.561,13.72,4.612,0.04,0.00,0.000,0,0,0,0,0,"2260",4,9,0,7,0,0,0
54779.016,1279552378,27.549414,-82.542502,-38.745,-19.706,22.561,13.72,4.612,0.04,0.00,0.010,0,0,0,0,0,"2260",4,8,0,7,0,0,0
54780.016,1279552379,27.549414,-82.542502,-39.147,-19.706,22.561,13.72,4.612,0.02,0.00,0.000,0,0,0,0,0,"2260",4,8,0,7,0,0,0
54781.016,1279552380,27.549414,-82.542502,-38.854,-19.706,22.603,13.78,4.620,0.01,0.00,0.000,0,0,0,0,0,"2260",4,9,0,7,0,0,0
54782.015,1279552381,27.549414,-82.542502,-38.879,-19.706,22.646,13.78,4.629,0.00,0.00,0.010,0,0,0,0,0,"2260",4,8,0,7,0,0,0
54783.015,1279552382,27.549414,-82.542502,-39.044,-19.706,22.646,13.78,4.629,0.00,0.00,-0.020,0,0,0,0,0,"2260",4,8,0,7,0,0,0
54784.015,1279552383,27.549414,-82.542502,-39.098,-19.706,22.646,13.78,4.629,0.00,-0.01,0.000,0,0,0,0,0,"2260",4,9,0,7,0,0,0
54785.016,1279552384,27.549414,-82.542502,-38.887,-19.706,22.646,13.78,4.629,0.02,0.00,-0.020,0,0,0,0,0,"2260",4,9,0,7,0,0,0
54786.015,1279552385,27.549414,-82.542502,-39.015,-19.706,22.688,13.85,4.637,0.01,0.01,0.000,0,0,0,0,0,"2260",4,8,0,7,0,0,0
54787.015,1279552386,27.549414,-82.542502,-38.918,-19.706,22.730,13.85,4.646,0.03,0.01,-0.020,0,0,0,0,0,"2260",4,9,0,7,0,0,0
54788.016,1279552387,27.549414,-82.542502,-38.741,-19.706,22.730,13.85,4.646,0.05,-0.01,0.000,0,0,0,0,0,"2260",4,8,0,7,0,0,0
54789.016,1279552388,27.549414,-82.542502,-39.076,-19.706,22.730,13.85,4.646,0.05,0.01,0.000,0,0,0,0,0,"2260",4,9,0,7,0,0,0
54790.021,1279552389,27.549414,-82.542502,-39.058,-19.706,22.730,13.85,4.646,0.04,0.01,0.000,0,0,0,0,0,"2260",4,8,0,7,0,0,0
54791.016,1279552390,27.549414,-82.542502,-39.043,-19.706,22.773,13.92,4.654,0.04,0.00,0.000,0,0,0,0,0,"2260",4,8,0,7,0,0,0
54792.016,1279552391,27.549414,-82.542502,-38.912,-19.706,22.815,13.92,4.663,0.03,0.00,0.010,0,0,0,0,0,"2260",4,8,0,7,0,0,0
54793.016,1279552392,27.549415,-82.542502,-38.992,-19.712,22.475,13.72,4.595,0.03,0.00,0.010,0,0,0,0,0,"2260",4,8,0,7,0,0,0
54794.015,1279552393,27.549415,-82.542502,-38.971,-19.712,22.475,13.72,4.595,0.02,0.01,0.000,0,0,0,0,0,"2260",4,8,0,7,0,0,0
54795.016,1279552394,27.549415,-82.542502,-38.769,-19.712,22.475,13.72,4.595,0.03,0.00,0.000,0,0,0,0,0,"2260",4,7,0,7,0,0,0
54796.016,1279552395,27.549415,-82.542502,-38.980,-19.712,22.475,13.72,4.595,0.05,0.00,0.000,0,0,0,0,0,"2260",4,9,0,7,0,0,0
54797.015,1279552396,27.549415,-82.542502,-39.033,-19.712,22.561,13.78,4.612,0.02,0.00,0.010,0,0,0,0,0,"2260",4,8,0,7,0,0,0
54798.016,1279552397,27.549415,-82.542502,-38.942,-19.712,22.561,13.78,4.612,0.00,0.00,-0.010,0,0,0,0,0,"2260",4,8,0,7,0,0,0
54799.015,1279552398,27.549415,-82.542502,-38.702,-19.712,22.561,13.78,4.612,-0.01,0.00,0.000,0,0,0,0,0,"2260",4,8,0,7,0,0,0
54800.016,1279552399,27.549415,-82.542502,-38.785,-19.712,22.561,13.78,4.612,-0.02,0.00,0.000,0,0,0,0,0,"2260",4,8,0,7,0,0,0
54801.016,1279552400,27.549415,-82.542502,-38.970,-19.712,22.561,13.78,4.612,-0.02,-0.01,0.010,0,0,0,0,0,"2260",4,8,0,7,0,0,0
54802.015,1279552401,27.549415,-82.542502,-38.875,-19.712,22.646,13.85,4.629,-0.02,0.00,0.000,0,0,0,0,0,"2260",4,9,0,7,0,0,0
54803.015,1279552402,27.549415,-82.542502,-38.868,-19.712,22.646,13.85,4.629,-0.02,0.00,0.000,0,0,0,0,0,"2260",4,8,0,7,0,0,0
54804.015,1279552403,27.549415,-82.542502,-38.779,-19.712,22.646,13.85,4.629,-0.02,0.00,0.000,0,0,0,0,0,"2260",4,8,0,7,0,0,0
54805.016,1279552404,27.549415,-82.542502,-38.769,-19.712,22.646,13.85,4.629,-0.03,-0.01,0.000,0,0,0,0,0,"2260",4,9,0,7,0,0,0
54806.016,1279552405,27.549415,-82.542502,-38.730,-19.712,22.646,13.85,4.629,-0.02,0.00,0.000,0,0,0,0,0,"2260",4,7,0,7,0,0,0
54807.016,1279552406,27.549415,-82.542502,-38.819,-19.712,22.730,13.92,4.646,-0.01,0.00,0.000,0,0,0,0,0,"2260",4,9,0,7,0,0,0
54808.015,1279552407,27.549415,-82.542502,-38.812,-19.712,22.730,13.92,4.646,-0.01,0.00,0.020,0,0,0,0,0,"2260",4,7,0,7,0,0,0
54809.016,1279552408,27.549415,-82.542502,-38.739,-19.712,22.730,13.92,4.646,-0.01,0.00,0.000,0,0,0,0,0,"2260",4,8,0,7,0,0,0
54810.016,1279552409,27.549415,-82.542502,-38.768,-19.712,22.730,13.92,4.646,0.00,0.00,0.000,0,0,0,0,0,"2260",4,8,0,7,0,0,0
54811.016,1279552410,27.549415,-82.542502,-38.734,-19.712,22.730,13.92,4.646,0.00,0.00,0.010,0,0,0,0,0,"2260",4,7,0,7,0,0,0
54812.016,1279552411,27.549415,-82.542502,-38.867,-19.712,22.815,13.99,4.663,0.00,0.00,0.000,0,0,0,0,0,"2260",4,8,0,7,0,0,0
54813.015,1279552412,27.549415,-82.542502,-38.858,-19.712,22.815,13.99,4.663,-0.02,0.00,0.000,0,0,0,0,0,"2260",4,9,0,7,0,0,0
54814.016,1279552413,27.549415,-82.542502,-38.896,-19.712,22.815,13.99,4.663,-0.02,0.00,0.010,0,0,0,0,0,"2260",4,8,0,7,0,0,0
54815.016,1279552414,27.549415,-82.542502,-39.050,-19.712,22.815,13.99,4.663,-0.03,0.00,0.000,0,0,0,0,0,"2260",4,8,0,7,0,0,0
54816.016,1279552415,27.549415,-82.542502,-38.809,-19.712,22.815,13.99,4.663,-0.03,-0.01,0.010,0,0,0,0,0,"2260",4,8,0,7,0,0,0
54817.016,1279552416,27.549415,-82.542502,-38.769,-19.712,22.899,14.06,4.679,-0.02,0.00,0.000,0,0,0,0,0,"2260",4,8,0,7,0,0,0
54818.016,1279552417,27.549415,-82.542502,-38.981,-19.712,22.899,14.06,4.679,-0.03,0.00,0.000,0,0,0,0,0,"2260",4,8,0,7,0,0,0
54819.016,1279552418,27.549415,-82.542502,-38.780,-19.712,22.899,14.06,4.679,-0.02,0.00,0.000,0,0,0,0,0,"2260",4,9,0,7,0,0,0
54820.019,1279552419,27.549415,-82.542502,-38.823,-19.712,22.899,14.06,4.679,0.00,0.00,0.010,0,0,0,0,0,"2260",4,9,0,7,0,0,0
54821.016,1279552420,27.549415,-82.542502,-38.900,-19.712,22.899,14.06,4.679,0.01,0.00,0.010,0,0,0,0,0,"2260",4,8,0,7,0,0,0
54822.016,1279552421,27.549415,-82.542502,-38.657,-19.712,22.983,14.13,4.696,0.02,0.00,0.000,0,0,0,0,0,"2260",4,8,0,7,0,0,0
54823.015,1279552422,27.549415,-82.542502,-38.831,-19.712,22.983,14.13,4.696,0.01,0.00,0.000,0,0,0,0,0,"2260",4,9,0,7,0,0,0
54824.016,1279552423,27.549415,-82.542502,-38.991,-19.712,22.983,14.13,4.696,0.01,0.00,0.000,0,0,0,0,0,"2260",4,8,0,7,0,0,0
54825.019,1279552424,27.549415,-82.542502,-38.912,-19.712,22.983,14.13,4.696,0.01,0.00,0.000,0,0,0,0,0,"2260",4,9,0,7,0,0,0
54826.016,1279552425,27.549415,-82.542502,-38.896,-19.712,22.983,14.13,4.696,0.01,0.00,0.010,0,0,0,0,0,"2260",4,9,0,7,0,0,0
54827.015,1279552426,27.549415,-82.542502,-39.040,-19.712,23.066,14.20,4.713,0.01,0.00,0.010,0,0,0,0,0,"2260",4,9,0,7,0,0,0
54828.016,1279552427,27.549415,-82.542502,-38.661,-19.712,23.066,14.20,4.713,0.01,0.00,0.020,0,0,0,0,0,"2260",4,9,0,7,0,0,0
54829.015,1279552428,27.549415,-82.542502,-38.888,-19.712,23.066,14.20,4.713,0.02,-0.02,0.010,0,0,0,0,0,"2260",4,9,0,7,0,0,0
54830.016,1279552429,27.549415,-82.542502,-39.027,-19.712,23.066,14.20,4.713,0.00,0.01,0.020,0,0,0,0,0,"2260",4,9,0,7,0,0,0
54831.015,1279552430,27.549415,-82.542502,-38.842,-19.712,23.066,14.20,4.713,0.00,-0.01,0.010,0,0,0,0,0,"2260",4,9,0,7,0,0,0
54832.015,1279552431,27.549415,-82.542502,-38.987,-19.712,23.149,14.26,4.729,0.00,0.01,-0.030,0,0,0,0,0,"2260",4,8,0,7,0,0,0
54833.015,1279552432,27.549415,-82.542502,-38.623,-19.718,22.561,13.78,4.612,0.00,0.00,-0.020,0,0,0,0,0,"2260",4,8,0,7,0,0,0
54834.016,1279552433,27.549415,-82.542502,-38.836,-19.718,22.561,13.78,4.612,0.01,0.00,0.000,0,0,0,0,0,"2260",4,8,0,7,0,0,0
54835.016,1279552434,27.549415,-82.542502,-38.833,-19.718,22.603,13.78,4.620,0.05,-0.01,-0.010,0,0,0,0,0,"2260",4,8,0,7,0,0,0
54836.015,1279552435,27.549415,-82.542502,-38.802,-19.718,22.603,13.78,4.620,0.03,0.00,0.000,0,0,0,0,0,"2260",4,9,0,7,0,0,0
54837.016,1279552436,27.549415,-82.542502,-39.088,-19.718,22.603,13.85,4.620,0.02,0.00,0.000,0,0,0,0,0,"2260",4,9,0,7,0,0,0
54838.016,1279552437,27.549415,-82.542502,-38.744,-19.718,22.646,13.85,4.629,0.04,0.00,0.000,0,0,0,0,0,"2260",4,9,0,7,0,0,0
54839.016,1279552438,27.549415,-82.542502,-38.829,-19.718,22.646,13.85,4.629,0.05,0.00,0.010,0,0,0,0,0,"2260",4,8,0,7,0,0,0
54840.015,1279552439,27.549415,-82.542502,-38.829,-19.718,22.688,13.85,4.637,0.05,0.02,0.020,0,0,0,0,0,"2260",4,8,0,7,0,0,0
54841.015,1279552440,27.549415,-82.542502,-38.919,-19.718,22.688,13.85,4.637,0.06,0.01,0.000,0,0,0,0,0,"2260",4,9,0,7,0,0,0
54842.015,1279552441,27.549415,-82.542502,-38.631,-19.718,22.688,13.92,4.637,0.06,0.00,-0.020,0,0,0,0,0,"2260",4,9,0,7,0,0,0
54843.015,1279552442,27.549415,-82.542502,-38.711,-19.718,22.730,13.92,4.646,0.06,0.00,0.000,0,0,0,0,0,"2260",4,9,0,7,0,0,0
54844.015,1279552443,27.549415,-82.542502,-38.455,-19.718,22.730,13.92,4.646,0.06,0.01,0.000,0,0,0,0,0,"2260",4,9,0,7,0,0,0
54845.016,1279552444,27.549415,-82.542502,-38.891,-19.718,22.773,13.92,4.654,0.06,0.00,0.000,0,0,0,0,0,"2260",4,8,0,7,0,0,0
54846.016,1279552445,27.549415,-82.542502,-38.980,-19.718,22.773,13.92,4.654,0.08,-0.01,0.000,0,0,0,0,0,"2260",4,9,0,7,0,0,0
54847.015,1279552446,27.549415,-82.542502,-38.527,-19.718,22.773,13.99,4.654,0.09,-0.01,0.000,0,0,0,0,0,"2260",4,9,0,7,0,0,0
54848.016,1279552447,27.549415,-82.542502,-38.578,-19.718,22.815,13.99,4.663,0.11,-0.01,-0.010,0,0,0,0,0,"2260",4,9,0,7,0,0,0
54849.015,1279552448,27.549415,-82.542502,-38.349,-19.718,22.815,13.99,4.663,0.10,0.00,0.000,0,0,0,0,0,"2260",4,9,0,7,0,0,0
54850.016,1279552449,27.549415,-82.542500,-38.831,-19.660,23.314,14.40,4.762,0.08,-0.01,0.020,0,0,0,0,0,"2260",4,8,0,7,0,0,0
54851.016,1279552450,27.549414,-82.542503,-38.635,-19.296,22.261,13.36,4.552,0.06,-0.01,-0.010,0,0,0,0,0,"2260",4,8,0,7,0,0,0
54852.015,1279552451,27.549414,-82.542503,-38.595,-19.296,22.261,13.43,4.552,0.05,0.00,0.010,0,0,0,0,0,"2260",4,9,0,7,0,0,0
54853.016,1279552452,27.549414,-82.542503,-38.726,-19.296,22.304,13.43,4.560,0.06,-0.02,-0.010,0,0,0,0,0,"2260",4,8,0,7,0,0,0
54854.016,1279552453,27.549414,-82.542503,-38.883,-19.296,22.304,13.43,4.560,0.08,-0.01,0.000,0,0,0,0,0,"2260",4,9,0,7,0,0,0
54855.018,1279552454,27.549414,-82.542503,-38.844,-19.296,22.304,13.43,4.560,0.08,0.00,0.000,0,0,0,0,0,"2260",4,9,0,7,0,0,0
54856.016,1279552455,27.549414,-82.542503,-38.831,-19.296,22.347,13.43,4.569,0.06,0.01,0.010,0,0,0,0,0,"2260",4,9,0,7,0,0,0
54857.016,1279552456,27.549414,-82.542503,-38.748,-19.296,22.347,13.50,4.569,0.07,0.00,0.000,0,0,0,0,0,"2260",4,9,0,7,0,0,0
54858.016,1279552457,27.549414,-82.542503,-38.442,-19.296,22.390,13.50,4.578,0.06,0.00,0.000,0,0,0,0,0,"2260",4,9,0,7,0,0,0
54859.016,1279552458,27.549414,-82.542503,-38.800,-19.296,22.390,13.50,4.578,0.07,-0.01,-0.010,0,0,0,0,0,"2260",4,9,0,7,0,0,0
54860.016,1279552459,27.549414,-82.542503,-38.759,-19.296,22.390,13.50,4.578,0.05,0.00,0.020,0,0,0,0,0,"2260",4,8,0,7,0,0,0
54861.015,1279552460,27.549414,-82.542503,-38.660,-19.296,22.433,13.50,4.586,0.03,0.00,0.000,0,0,0,0,0,"2260",4,9,0,7,0,0,0
54862.016,1279552461,27.549414,-82.542503,-38.873,-19.296,22.433,13.57,4.586,0.02,0.00,0.000,0,0,0,0,0,"2260",4,8,0,7,0,0,0
54863.016,1279552462,27.549414,-82.542503,-38.842,-19.296,22.475,13.57,4.595,0.04,-0.03,-0.010,0,0,0,0,0,"2260",4,7,0,7,0,0,0
54864.016,1279552463,27.549414,-82.542505,-38.796,-19.266,22.941,13.99,4.688,0.04,0.01,0.000,0,0,0,0,0,"2260",4,9,0,7,0,0,0
54865.016,1279552464,27.549411,-82.542502,-38.767,-19.399,21.825,12.92,4.465,0.02,-0.01,-0.020,0,0,0,0,0,"2260",4,9,0,7,0,0,0
54866.015,1279552465,27.549411,-82.542502,-38.756,-19.399,21.825,12.92,4.465,0.02,0.00,0.000,0,0,0,0,0,"2260",4,8,0,7,0,0,0
54867.016,1279552466,27.549411,-82.542502,-38.790,-19.399,21.869,12.92,4.473,0.04,-0.02,0.010,0,0,0,0,0,"2260",4,8,0,7,0,0,0
54868.016,1279552467,27.549411,-82.542502,-38.839,-19.399,21.913,12.92,4.482,0.04,0.00,0.000,0,0,0,0,0,"2260",4,8,0,7,0,0,0
54869.016,1279552468,27.549411,-82.542502,-39.001,-19.399,21.913,13.00,4.482,0.03,0.00,0.000,0,0,0,0,0,"2260",4,9,0,7,0,0,0
54870.016,1279552469,27.549411,-82.542502,-39.055,-19.399,21.913,13.00,4.482,0.04,0.00,0.000,0,0,0,0,0,"2260",4,9,0,7,0,0,0
54871.015,1279552470,27.549411,-82.542502,-38.577,-19.399,21.913,13.00,4.482,0.05,0.00,-0.010,0,0,0,0,0,"2260",4,9,0,7,0,0,0
54872.016,1279552471,27.549411,-82.542502,-38.643,-19.399,21.957,13.00,4.491,0.05,-0.01,0.000,0,0,0,0,0,"2260",4,8,0,7,0,0,0
54873.016,1279552472,27.549411,-82.542502,-38.995,-19.399,22.000,13.00,4.500,0.02,0.00,0.010,0,0,0,0,0,"2260",4,8,0,7,0,0,0
54874.016,1279552473,27.549411,-82.542502,-38.716,-19.399,22.000,13.07,4.500,0.02,0.00,0.010,0,0,0,0,0,"2260",4,8,0,7,0,0,0
54875.016,1279552474,27.549411,-82.542502,-38.580,-19.399,22.000,13.07,4.500,0.02,0.00,0.000,0,0,0,0,0,"2260",4,8,0,7,0,0,0
54876.016,1279552475,27.549411,-82.542502,-38.877,-19.399,22.000,13.07,4.500,0.01,0.01,0.000,0,0,0,0,0,"2260",4,9,0,7,0,0,0
54877.016,1279552476,27.549411,-82.542502,-38.693,-19.399,22.044,13.07,4.508,0.00,0.02,0.000,0,0,0,0,0,"2260",4,8,0,7,0,0,0
54878.016,1279552477,27.549411,-82.542502,-38.871,-19.399,22.088,13.07,4.517,0.00,0.00,-0.010,0,0,0,0,0,"2260",4,8,0,7,0,0,0
54879.015,1279552478,27.549411,-82.542502,-38.919,-19.399,22.088,13.14,4.517,0.00,0.02,-0.010,0,0,0,0,0,"2260",4,7,0,7,0,0,0
54880.016,1279552479,27.549411,-82.542502,-38.875,-19.399,22.088,13.14,4.517,-0.01,0.00,0.000,0,0,0,0,0,"2260",4,8,0,7,0,0,0
54881.015,1279552480,27.549411,-82.542502,-38.873,-19.399,22.088,13.14,4.517,0.00,-0.01,0.000,0,0,0,0,0,"2260",4,8,0,7,0,0,0
54882.015,1279552481,27.549411,-82.542502,-38.974,-19.399,22.131,13.14,4.526,-0.02,0.00,0.000,0,0,0,0,0,"2260",4,8,0,7,0,0,0
54883.016,1279552482,27.549411,-82.542502,-38.921,-19.399,22.174,13.14,4.534,-0.03,0.01,0.000,0,0,0,0,0,"2260",4,7,0,7,0,0,0
54884.016,1279552483,27.549411,-82.542502,-38.856,-19.399,22.174,13.22,4.534,-0.03,0.00,0.010,0,0,0,0,0,"2260",4,8,0,7,0,0,0
54885.016,1279552484,27.549411,-82.542502,-38.725,-19.399,22.174,13.22,4.534,-0.04,0.00,0.010,0,0,0,0,0,"2260",4,9,0,7,0,0,0
54886.015,1279552485,27.549411,-82.542502,-39.079,-19.399,22.174,13.22,4.534,-0.02,-0.01,0.010,0,0,0,0,0,"2260",4,8,0,7,0,0,0
54887.016,1279552486,27.549411,-82.542502,-38.823,-19.399,22.218,13.22,4.543,-0.02,0.00,0.010,0,0,0,0,0,"2260",4,8,0,7,0,0,0
54888.016,1279552487,27.549411,-82.542502,-38.956,-19.399,22.261,13.22,4.552,-0.02,0.00,0.010,0,0,0,0,0,"2260",4,8,0,7,0,0,0
54889.016,1279552488,27.549411,-82.542502,-39.076,-19.399,22.261,13.29,4.552,-0.04,0.00,0.000,0,0,0,0,0,"2260",4,8,0,7,0,0,0
54890.016,1279552489,27.549411,-82.542502,-39.050,-19.399,22.261,13.29,4.552,-0.03,-0.01,-0.010,0,0,0,0,0,"2260",4,9,0,7,0,0,0
54891.016,1279552490,27.549411,-82.542502,-38.913,-19.399,22.261,13.29,4.552,-0.01,0.00,0.000,0,0,0,0,0,"2260",4,7,0,7,0,0,0
54892.016,1279552491,27.549411,-82.542502,-39.154,-19.399,22.304,13.29,4.560,0.01,-0.02,0.000,0,0,0,0,0,"2260",4,8,0,7,0,0,0
54893.015,1279552492,27.549411,-82.542502,-39.037,-19.399,22.347,13.29,4.569,0.02,0.00,0.000,0,0,0,0,0,"2260",4,8,0,7,0,0,0
54894.016,1279552493,27.549411,-82.542502,-38.913,-19.399,22.347,13.36,4.569,0.03,0.00,0.000,0,0,0,0,0,"2260",4,8,0,7,0,0,0
54895.018,1279552494,27.549411,-82.542502,-38.752,-19.399,22.347,13.36,4.569,0.00,0.00,-0.010,0,0,0,0,0,"2260",4,9,0,7,0,0,0
54896.015,1279552495,27.549411,-82.542502,-38.827,-19.399,22.347,13.36,4.569,0.00,0.00,0.000,0,0,0,0,0,"2260",4,9,0,7,0,0,0
54897.016,1279552496,27.549411,-82.542502,-39.041,-19.399,22.390,13.36,4.578,-0.01,0.00,0.010,0,0,0,0,0,"2260",4,8,0,7,0,0,0
54898.016,1279552497,27.549411,-82.542502,-38.906,-19.399,22.433,13.36,4.586,0.00,-0.02,0.020,0,0,0,0,0,"2260",4,8,0,7,0,0,0
54899.016,1279552498,27.549411,-82.542502,-39.045,-19.399,22.433,13.43,4.586,0.01,0.01,-0.020,0,0,0,0,0,"2260",4,9,0,7,0,0,0
54900.016,1279552499,27.549411,-82.542502,-38.952,-19.399,22.433,13.43,4.586,0.02,0.00,0.000,0,0,0,0,0,"2260",4,8,0,7,0,0,0
54901.016,1279552500,27.549411,-82.542502,-38.993,-19.399,22.433,13.43,4.586,0.01,0.00,0.020,0,0,0,0,0,"2260",4,8,0,7,0,0,0
54902.016,1279552501,27.549411,-82.542502,-38.712,-19.399,22.475,13.43,4.595,0.01,0.00,0.000,0,0,0,0,0,"2260",4,8,0,7,0,0,0
54903.015,1279552502,27.549411,-82.542502,-39.005,-19.399,22.518,13.43,4.603,0.02,0.00,0.000,0,0,0,0,0,"2260",4,9,0,7,0,0,0
54904.016,1279552503,27.549411,-82.542502,-38.840,-19.399,22.518,13.50,4.603,0.02,0.00,0.000,0,0,0,0,0,"2260",4,8,0,7,0,0,0
54905.016,1279552504,27.549414,-82.542503,-38.874,-19.243,21.869,12.85,4.473,0.02,0.00,0.000,0,0,0,0,0,"2260",4,8,0,7,0,0,0
54906.015,1279552505,27.549414,-82.542503,-38.852,-19.243,21.869,12.92,4.473,0.00,0.00,0.020,0,0,0,0,0,"2260",4,7,0,7,0,0,0
54907.015,1279552506,27.549414,-82.542503,-38.708,-19.243,21.869,12.92,4.473,0.00,-0.01,0.000,0,0,0,0,0,"2260",4,9,0,7,0,0,0
54908.016,1279552507,27.549414,-82.542503,-38.963,-19.243,21.913,12.92,4.482,0.00,-0.01,0.000,0,0,0,0,0,"2260",4,7,0,7,0,0,0
54909.015,1279552508,27.549414,-82.542503,-39.177,-19.243,21.913,12.92,4.482,0.00,-0.01,0.020,0,0,0,0,0,"2260",4,9,0,7,0,0,0
54910.016,1279552509,27.549414,-82.542503,-39.045,-19.243,21.957,12.92,4.491,0.00,0.00,0.000,0,0,0,0,0,"2260",4,8,0,7,0,0,0
54911.015,1279552510,27.549414,-82.542503,-39.034,-19.243,21.957,13.00,4.491,0.00,0.00,0.000,0,0,0,0,0,"2260",4,7,0,7,0,0,0
54912.015,1279552511,27.549414,-82.542503,-38.987,-19.243,21.957,13.00,4.491,-0.01,0.00,0.000,0,0,0,0,0,"2260",4,8,0,7,0,0,0
54913.015,1279552512,27.549414,-82.542503,-39.042,-19.243,22.000,13.00,4.500,-0.01,-0.01,0.000,0,0,0,0,0,"2260",4,8,0,7,0,0,0
54914.016,1279552513,27.549414,-82.542503,-38.990,-19.243,22.000,13.00,4.500,0.00,-0.01,0.000,0,0,0,0,0,"2260",4,8,0,7,0,0,0
54915.016,1279552514,27.549414,-82.542503,-38.724,-19.243,22.044,13.00,4.508,0.00,0.00,0.000,0,0,0,0,0,"2260",4,8,0,7,0,0,0
54916.015,1279552515,27.549414,-82.542503,-38.876,-19.243,22.044,13.07,4.508,-0.01,0.00,0.010,0,0,0,0,0,"2260",4,9,0,7,0,0,0
54917.016,1279552516,27.549414,-82.542503,-38.990,-19.243,22.044,13.07,4.508,-0.01,0.00,0.000,0,0,0,0,0,"2260",4,9,0,7,0,0,0
54918.016,1279552517,27.549414,-82.542503,-38.817,-19.243,22.088,13.07,4.517,0.00,0.00,0.000,0,0,0,0,0,"2260",4,9,0,7,0,0,0
54919.016,1279552518,27.549414,-82.542503,-38.907,-19.243,22.088,13.07,4.517,-0.01,0.01,0.000,0,0,0,0,0,"2260",4,9,0,7,0,0,0
54920.018,1279552519,27.549414,-82.542503,-38.954,-19.243,22.131,13.07,4.526,-0.02,0.00,-0.010,0,0,0,0,0,"2260",4,9,0,7,0,0,0
54921.016,1279552520,27.549414,-82.542503,-39.198,-19.243,22.131,13.14,4.526,-0.02,0.00,-0.020,0,0,0,0,0,"2260",4,9,0,7,0,0,0
54922.016,1279552521,27.549414,-82.542503,-38.833,-19.243,22.131,13.14,4.526,-0.01,0.00,0.000,0,0,0,0,0,"2260",4,8,0,7,0,0,0
54923.015,1279552522,27.549414,-82.542503,-38.897,-19.243,22.174,13.14,4.534,0.01,-0.01,0.000,0,0,0,0,0,"2260",4,8,0,7,0,0,0
54924.016,1279552523,27.549414,-82.542503,-39.047,-19.243,22.174,13.14,4.534,0.02,0.00,0.000,0,0,0,0,0,"2260",4,9,0,7,0,0,0
54925.021,1279552524,27.549414,-82.542503,-39.048,-19.243,22.218,13.14,4.543,0.02,0.00,0.000,0,0,0,0,0,"2260",4,9,0,7,0,0,0
54926.016,1279552525,27.549414,-82.542503,-39.051,-19.243,22.218,13.22,4.543,0.02,0.00,0.000,0,0,0,0,0,"2260",4,9,0,7,0,0,0
54927.016,1279552526,27.549414,-82.542503,-39.066,-19.243,22.218,13.22,4.543,0.02,0.00,0.000,0,0,0,0,0,"2260",4,9,0,7,0,0,0
54928.016,1279552527,27.549414,-82.542503,-38.935,-19.243,22.261,13.22,4.552,0.01,0.00,0.000,0,0,0,0,0,"2260",4,9,0,7,0,0,0
54929.016,1279552528,27.549414,-82.542503,-39.069,-19.243,22.261,13.22,4.552,0.03,0.00,0.000,0,0,0,0,0,"2260",4,8,0,7,0,0,0
54930.016,1279552529,27.549414,-82.542503,-38.951,-19.243,22.304,13.22,4.560,0.03,0.00,0.010,0,0,0,0,0,"2260",4,9,0,7,0,0,0
54931.015,1279552530,27.549414,-82.542503,-39.042,-19.243,22.304,13.29,4.560,0.02,0.00,0.010,0,0,0,0,0,"2260",4,9,0,7,0,0,0
54932.016,1279552531,27.549414,-82.542503,-38.952,-19.243,22.304,13.29,4.560,0.03,0.00,0.000,0,0,0,0,0,"2260",4,9,0,7,0,0,0
54933.015,1279552532,27.549414,-82.542503,-39.035,-19.243,22.347,13.29,4.569,0.04,0.00,0.000,0,0,0,0,0,"2260",4,8,0,7,0,0,0
54934.016,1279552533,27.549414,-82.542503,-39.069,-19.243,22.347,13.29,4.569,0.04,0.00,0.010,0,0,0,0,0,"2260",4,8,0,7,0,0,0
54935.016,1279552534,27.549414,-82.542503,-39.125,-19.243,22.390,13.29,4.578,0.04,0.01,0.000,0,0,0,0,0,"2260",4,8,0,7,0,0,0
54936.016,1279552535,27.549414,-82.542503,-38.854,-19.243,22.390,13.36,4.578,0.03,0.00,0.000,0,0,0,0,0,"2260",4,9,0,7,0,0,0
54937.016,1279552536,27.549414,-82.542503,-38.930,-19.243,22.390,13.36,4.578,0.03,0.00,0.000,0,0,0,0,0,"2260",4,8,0,7,0,0,0
54938.016,1279552537,27.549414,-82.542503,-38.787,-19.243,22.433,13.36,4.586,0.01,0.01,0.000,0,0,0,0,0,"2260",4,9,0,7,0,0,0
54939.015,1279552538,27.549414,-82.542503,-38.998,-19.243,22.433,13.36,4.586,0.02,0.01,-0.010,0,0,0,0,0,"2260",4,9,0,7,0,0,0
54940.016,1279552539,27.549414,-82.542503,-38.876,-19.243,22.475,13.36,4.595,0.01,0.00,0.000,0,0,0,0,0,"2260",4,9,0,7,0,0,0
54941.016,1279552540,27.549414,-82.542503,-38.911,-19.243,22.475,13.43,4.595,0.02,0.00,-0.010,0,0,0,0,0,"2260",4,9,0,7,0,0,0
54942.016,1279552541,27.549414,-82.542503,-38.962,-19.243,22.475,13.43,4.595,0.01,0.00,0.000,0,0,0,0,0,"2260",4,9,0,7,0,0,0
54943.016,1279552542,27.549414,-82.542503,-38.718,-19.243,22.518,13.43,4.603,0.03,-0.01,-0.020,0,0,0,0,0,"2260",4,9,0,7,0,0,0
54944.016,1279552543,27.549414,-82.542503,-38.801,-19.243,22.518,13.43,4.603,0.04,0.00,0.000,0,0,0,0,0,"2260",4,9,0,7,0,0,0
54945.016,1279552544,27.549412,-82.542503,-38.730,-19.270,22.088,12.92,4.517,0.02,0.00,0.000,0,0,0,0,0,"2260",4,9,0,7,0,0,0
54946.015,1279552545,27.549412,-82.542503,-38.635,-19.270,22.088,12.92,4.517,0.00,0.00,0.000,0,0,0,0,0,"2260",4,8,0,7,0,0,0
54947.016,1279552546,27.549412,-82.542503,-38.640,-19.270,22.088,12.92,4.517,0.00,0.00,0.010,0,0,0,0,0,"2260",4,9,0,7,0,0,0
54948.016,1279552547,27.549412,-82.542503,-38.446,-19.270,22.131,12.92,4.526,0.00,0.00,0.010,0,0,0,0,0,"2260",4,8,0,7,0,0,0
54949.016,1279552548,27.549412,-82.542503,-38.875,-19.270,22.174,13.00,4.534,0.00,0.00,0.000,0,0,0,0,0,"2260",4,8,0,7,0,0,0
54950.016,1279552549,27.549412,-82.542503,-38.592,-19.270,22.174,13.00,4.534,0.01,-0.01,0.000,0,0,0,0,0,"2260",4,8,0,7,0,0,0
54951.015,1279552550,27.549412,-82.542503,-39.086,-19.270,22.174,13.00,4.534,0.02,0.00,-0.010,0,0,0,0,0,"2260",4,8,0,7,0,0,0
54952.016,1279552551,27.549412,-82.542503,-38.930,-19.270,22.174,13.00,4.534,0.01,0.00,-0.010,0,0,0,0,0,"2260",4,9,0,7,0,0,0
54953.016,1279552552,27.549412,-82.542503,-38.955,-19.270,22.218,13.00,4.543,0.01,-0.01,0.010,0,0,0,0,0,"2260",4,8,0,7,0,0,0
54954.016,1279552553,27.549412,-82.542503,-39.061,-19.270,22.261,13.07,4.552,0.00,0.02,-0.020,0,0,0,0,0,"2260",4,9,0,7,0,0,0
54955.015,1279552554,27.549412,-82.542503,-38.604,-19.270,22.261,13.07,4.552,0.00,0.00,0.010,0,0,0,0,0,"2260",4,8,0,7,0,0,0
54956.016,1279552555,27.549412,-82.542503,-38.852,-19.270,22.261,13.07,4.552,0.00,0.00,0.000,0,0,0,0,0,"2260",4,7,0,7,0,0,0
54957.016,1279552556,27.549412,-82.542503,-38.905,-19.270,22.261,13.07,4.552,0.01,0.00,0.000,0,0,0,0,0,"2260",4,9,0,7,0,0,0
54958.016,1279552557,27.549412,-82.542503,-38.850,-19.270,22.304,13.07,4.560,0.01,0.00,0.000,0,0,0,0,0,"2260",4,9,0,7,0,0,0
54959.015,1279552558,27.549412,-82.542503,-38.948,-19.270,22.347,13.14,4.569,0.01,0.00,0.000,0,0,0,0,0,"2260",4,9,0,7,0,0,0
54960.016,1279552559,27.549412,-82.542503,-38.514,-19.270,22.347,13.14,4.569,0.02,0.00,0.010,0,0,0,0,0,"2260",4,9,0,7,0,0,0
54961.016,1279552560,27.549412,-82.542503,-38.730,-19.270,22.347,13.14,4.569,0.01,0.00,0.000,0,0,0,0,0,"2260",4,8,0,7,0,0,0
54962.015,1279552561,27.549412,-82.542503,-38.725,-19.270,22.347,13.14,4.569,0.00,0.00,0.010,0,0,0,0,0,"2260",4,9,0,7,0,0,0
54963.015,1279552562,27.549412,-82.542503,-38.446,-19.270,22.390,13.14,4.578,0.02,-0.01,0.000,0,0,0,0,0,"2260",4,8,0,7,0,0,0
54964.016,1279552563,27.549412,-82.542503,-38.699,-19.270,22.433,13.22,4.586,0.03,0.00,0.000,0,0,0,0,0,"2260",4,9,0,7,0,0,0
54965.016,1279552564,27.549412,-82.542503,-38.899,-19.270,22.433,13.22,4.586,0.03,0.00,0.000,0,0,0,0,0,"2260",4,8,0,7,0,0,0
54966.015,1279552565,27.549412,-82.542503,-38.850,-19.270,22.433,13.22,4.586,0.01,0.00,0.000,0,0,0,0,0,"2260",4,8,0,7,0,0,0
54967.015,1279552566,27.549412,-82.542503,-38.697,-19.270,22.433,13.22,4.586,0.00,0.00,0.000,0,0,0,0,0,"2260",4,9,0,7,0,0,0
54968.015,1279552567,27.549412,-82.542503,-38.639,-19.270,22.475,13.22,4.595,0.00,0.01,0.000,0,0,0,0,0,"2260",4,9,0,7,0,0,0
54969.015,1279552568,27.549412,-82.542503,-38.723,-19.270,22.518,13.29,4.603,0.02,-0.02,0.000,0,0,0,0,0,"2260",4,8,0,7,0,0,0
54970.016,1279552569,27.549412,-82.542503,-38.823,-19.270,22.518,13.29,4.603,0.00,0.00,0.000,0,0,0,0,0,"2260",4,8,0,7,0,0,0
54971.016,1279552570,27.549412,-82.542503,-38.803,-19.270,22.518,13.29,4.603,0.00,0.00,0.000,0,0,0,0,0,"2260",4,9,0,7,0,0,0
54972.015,1279552571,27.549412,-82.542503,-38.598,-19.270,22.518,13.29,4.603,0.00,0.00,0.000,0,0,0,0,0,"2260",4,9,0,7,0,0,0
54973.015,1279552572,27.549412,-82.542503,-38.839,-19.270,22.561,13.29,4.612,-0.01,0.00,0.000,0,0,0,0,0,"2260",4,8,0,7,0,0,0
54974.016,1279552573,27.549412,-82.542503,-38.858,-19.270,22.603,13.36,4.620,-0.01,0.00,0.000,0,0,0,0,0,"2260",4,9,0,7,0,0,0
54975.016,1279552574,27.549412,-82.542503,-38.837,-19.270,22.603,13.36,4.620,0.00,0.00,-0.010,0,0,0,0,0,"2260",4,9,0,7,0,0,0
54976.016,1279552575,27.549412,-82.542503,-38.772,-19.270,22.603,13.36,4.620,0.00,0.01,0.000,0,0,0,0,0,"2260",4,9,0,7,0,0,0
54977.015,1279552576,27.549412,-82.542503,-38.820,-19.270,22.603,13.36,4.620,0.00,0.00,0.000,0,0,0,0,0,"2260",4,8,0,7,0,0,0
54978.016,1279552577,27.549412,-82.542503,-38.488,-19.270,22.646,13.36,4.629,0.00,0.00,0.010,0,0,0,0,0,"2260",4,9,0,7,0,0,0
54979.016,1279552578,27.549412,-82.542503,-38.539,-19.270,22.688,13.43,4.637,0.01,0.00,-0.010,0,0,0,0,0,"2260",4,9,0,7,0,0,0
54980.015,1279552579,27.549412,-82.542503,-38.533,-19.270,22.688,13.43,4.637,0.00,0.00,0.010,0,0,0,0,0,"2260",4,9,0,7,0,0,0
54981.015,1279552580,27.549412,-82.542503,-38.917,-19.270,22.688,13.43,4.637,0.00,0.00,0.000,0,0,0,0,0,"2260",4,9,0,7,0,0,0
54982.016,1279552581,27.549412,-82.542503,-38.934,-19.270,22.688,13.43,4.637,0.00,0.00,0.010,0,0,0,0,0,"2260",4,9,0,7,0,0,0
54983.015,1279552582,27.549412,-82.542503,-38.644,-19.270,22.730,13.43,4.646,0.00,-0.01,0.000,0,0,0,0,0,"2260",4,9,0,7,0,0,0
54984.016,1279552583,27.549412,-82.542503,-38.690,-19.270,22.773,13.50,4.654,-0.01,0.00,0.000,0,0,0,0,0,"2260",4,9,0,7,0,0,0
54985.019,1279552584,27.549412,-82.542502,-38.608,-19.317,22.218,12.92,4.543,-0.02,0.00,0.010,0,0,0,0,0,"2260",4,8,0,7,0,0,0
54986.015,1279552585,27.549412,-82.542502,-38.721,-19.317,22.261,12.92,4.552,-0.02,-0.01,0.000,0,0,0,0,0,"2260",4,9,0,7,0,0,0
54987.016,1279552586,27.549412,-82.542502,-38.737,-19.317,22.304,12.92,4.560,0.00,-0.01,0.000,0,0,0,0,0,"2260",4,9,0,7,0,0,0
54988.015,1279552587,27.549412,-82.542502,-38.591,-19.317,22.304,13.00,4.560,0.00,0.00,0.000,0,0,0,0,0,"2260",4,9,0,7,0,0,0
54989.016,1279552588,27.549412,-82.542502,-38.632,-19.317,22.304,13.00,4.560,0.00,0.00,0.000,0,0,0,0,0,"2260",4,9,0,7,0,0,0
54990.016,1279552589,27.549412,-82.542502,-38.757,-19.317,22.304,13.00,4.560,-0.01,0.00,0.010,0,0,0,0,0,"2260",4,9,0,7,0,0,0
54991.015,1279552590,27.549412,-82.542502,-38.928,-19.317,22.347,13.00,4.569,0.00,0.00,0.000,0,0,0,0,0,"2260",4,9,0,7,0,0,0
54992.016,1279552591,27.549412,-82.542502,-38.759,-19.317,22.390,13.00,4.578,0.01,-0.01,0.000,0,0,0,0,0,"2260",4,9,0,7,0,0,0
54993.016,1279552592,27.549412,-82.542502,-38.812,-19.317,22.390,13.07,4.578,0.00,0.01,0.010,0,0,0,0,0,"2260",4,9,0,7,0,0,0
54994.015,1279552593,27.549412,-82.542502,-38.845,-19.317,22.390,13.07,4.578,0.00,0.00,0.000,0,0,0,0,0,"2260",4,9,0,7,0,0,0
54995.016,1279552594,27.549412,-82.542502,-39.086,-19.317,22.390,13.07,4.578,0.00,-0.01,0.000,0,0,0,0,0,"2260",4,9,0,7,0,0,0
54996.016,1279552595,27.549412,-82.542502,-38.907,-19.317,22.433,13.07,4.586,0.02,0.00,0.000,0,0,0,0,0,"2260",4,8,0,7,0,0,0
54997.016,1279552596,27.549412,-82.542502,-38.497,-19.317,22.475,13.07,4.595,0.01,0.02,-0.010,0,0,0,0,0,"2260",4,9,0,7,0,0,0
54998.016,1279552597,27.549412,-82.542502,-38.800,-19.317,22.475,13.14,4.595,0.00,0.00,0.000,0,0,0,0,0,"2260",4,8,0,7,0,0,0
54999.016,1279552598,27.549412,-82.542502,-38.628,-19.317,22.475,13.14,4.595,0.00,0.01,0.000,0,0,0,0,0,"2260",4,9,0,7,0,0,0
55000.016,1279552599,27.549412,-82.542502,-38.754,-19.317,22.475,13.14,4.595,0.00,0.00,0.000,0,0,0,0,0,"2260",4,9,0,7,0,0,0
55001.015,1279552600,27.549412,-82.542502,-38.213,-19.317,22.518,13.14,4.603,0.00,0.00,0.010,0,0,0,0,0,"2260",4,9,0,7,0,0,0
55002.016,1279552601,27.549412,-82.542502,-38.571,-19.317,22.561,13.14,4.612,0.02,0.00,0.000,0,0,0,0,0,"2260",4,9,0,7,0,0,0
55003.016,1279552602,27.549412,-82.542502,-38.548,-19.317,22.561,13.22,4.612,0.04,0.00,0.020,0,0,0,0,0,"2260",4,8,0,7,0,0,0
55004.016,1279552603,27.549412,-82.542502,-38.497,-19.317,22.561,13.22,4.612,0.02,0.00,0.000,0,0,0,0,0,"2260",4,9,0,7,0,0,0
55005.016,1279552604,27.549412,-82.542502,-38.712,-19.317,22.561,13.22,4.612,0.02,0.00,0.010,0,0,0,0,0,"2260",4,9,0,7,0,0,0
55006.016,1279552605,27.549412,-82.542502,-38.743,-19.317,22.603,13.22,4.620,0.01,0.00,0.000,0,0,0,0,0,"2260",4,9,0,7,0,0,0
55007.016,1279552606,27.549412,-82.542502,-38.718,-19.317,22.646,13.22,4.629,0.00,0.00,0.000,0,0,0,0,0,"2260",4,9,0,7,0,0,0
55008.015,1279552607,27.549412,-82.542502,-38.682,-19.317,22.646,13.29,4.629,0.00,0.00,0.000,0,0,0,0,0,"2260",4,9,0,7,0,0,0
55009.016,1279552608,27.549412,-82.542502,-38.800,-19.317,22.646,13.29,4.629,0.01,0.00,0.000,0,0,0,0,0,"2260",4,9,0,7,0,0,0
55010.016,1279552609,27.549412,-82.542502,-38.597,-19.317,22.646,13.29,4.629,0.00,0.01,-0.020,0,0,0,0,0,"2260",4,9,0,7,0,0,0
55011.016,1279552610,27.549412,-82.542502,-38.804,-19.317,22.688,13.29,4.637,0.00,0.00,-0.010,0,0,0,0,0,"2260",4,9,0,7,0,0,0
55012.015,1279552611,27.549412,-82.542502,-38.824,-19.317,22.730,13.29,4.646,-0.02,-0.01,0.000,0,0,0,0,0,"2260",4,9,0,7,0,0,0
55013.016,1279552612,27.549412,-82.542502,-38.614,-19.317,22.730,13.36,4.646,-0.02,0.00,0.000,0,0,0,0,0,"2260",4,9,0,7,0,0,0
55014.016,1279552613,27.549412,-82.542502,-38.502,-19.317,22.730,13.36,4.646,-0.01,0.00,0.000,0,0,0,0,0,"2260",4,9,0,7,0,0,0
55015.019,1279552614,27.549412,-82.542502,-38.339,-19.317,22.730,13.36,4.646,-0.01,0.00,0.000,0,0,0,0,0,"2260",4,9,0,7,0,0,0
55016.015,1279552615,27.549412,-82.542502,-38.542,-19.317,22.773,13.36,4.654,0.00,0.00,-0.010,0,0,0,0,0,"2260",4,9,0,7,0,0,0
55017.016,1279552616,27.549412,-82.542502,-38.478,-19.317,22.815,13.36,4.663,0.01,0.00,0.000,0,0,0,0,0,"2260",4,9,0,7,0,0,0
55018.016,1279552617,27.549412,-82.542502,-38.594,-19.317,22.815,13.43,4.663,0.00,0.01,0.000,0,0,0,0,0,"2260",4,9,0,7,0,0,0
55019.016,1279552618,27.549412,-82.542502,-38.451,-19.317,22.815,13.43,4.663,0.00,0.00,0.000,0,0,0,0,0,"2260",4,8,0,7,0,0,0
55020.016,1279552619,27.549412,-82.542502,-38.591,-19.317,22.815,13.43,4.663,0.00,0.00,0.010,0,0,0,0,0,"2260",4,8,0,7,0,0,0
55021.015,1279552620,27.549412,-82.542502,-38.542,-19.317,22.857,13.43,4.671,0.02,0.00,0.000,0,0,0,0,0,"2260",4,8,0,7,0,0,0
55022.016,1279552621,27.549412,-82.542502,-38.328,-19.317,22.899,13.43,4.679,0.02,0.00,0.000,0,0,0,0,0,"2260",4,9,0,7,0,0,0
55023.015,1279552622,27.549412,-82.542502,-38.367,-19.317,22.899,13.50,4.679,0.01,0.00,0.000,0,0,0,0,0,"2260",4,8,0,7,0,0,0
55024.016,1279552623,27.549412,-82.542502,-38.462,-19.317,22.899,13.50,4.679,0.01,0.00,-0.010,0,0,0,0,0,"2260",4,8,0,7,0,0,0
55025.023,1279552624,27.549413,-82.542503,-38.491,-19.285,22.088,12.62,4.517,0.00,0.00,0.000,0,0,0,0,0,"2260",4,9,0,7,0,0,0
55026.015,1279552625,27.549413,-82.542503,-38.547,-19.285,22.131,12.62,4.526,0.02,0.00,0.000,0,0,0,0,0,"2260",4,9,0,7,0,0,0
55027.016,1279552626,27.549413,-82.542503,-38.505,-19.285,22.174,12.62,4.534,0.04,0.00,0.010,0,0,0,0,0,"2260",4,8,0,7,0,0,0
55028.016,1279552627,27.549413,-82.542503,-38.427,-19.285,22.174,12.62,4.534,0.03,0.02,0.000,0,0,0,0,0,"2260",4,9,0,7,0,0,0
55029.016,1279552628,27.549413,-82.542503,-38.476,-19.285,22.174,12.70,4.534,0.01,0.01,0.000,0,0,0,0,0,"2260",4,9,0,7,0,0,0
55030.016,1279552629,27.549413,-82.542503,-38.608,-19.285,22.174,12.70,4.534,0.02,-0.01,-0.010,0,0,0,0,0,"2260",4,8,0,7,0,0,0
55031.016,1279552630,27.549413,-82.542503,-38.651,-19.285,22.218,12.70,4.543,0.02,0.00,0.000,0,0,0,0,0,"2260",4,9,0,7,0,0,0
55032.016,1279552631,27.549413,-82.542503,-38.634,-19.285,22.261,12.70,4.552,0.04,0.00,0.010,0,0,0,0,0,"2260",4,8,0,7,0,0,0
55033.016,1279552632,27.549413,-82.542503,-38.269,-19.285,22.261,12.70,4.552,0.06,-0.01,0.000,0,0,0,0,0,"2260",4,9,0,7,0,0,0
55034.016,1279552633,27.549413,-82.542503,-38.383,-19.285,22.261,12.77,4.552,0.03,0.00,0.000,0,0,0,0,0,"2260",4,8,0,7,0,0,0
55035.017,1279552634,27.549413,-82.542503,-38.631,-19.285,22.261,12.77,4.552,0.03,-0.01,0.000,0,0,0,0,0,"2260",4,9,0,7,0,0,0
55036.016,1279552635,27.549413,-82.542503,-38.737,-19.285,22.304,12.77,4.560,0.03,0.00,0.010,0,0,0,0,0,"2260",4,8,0,7,0,0,0
55037.016,1279552636,27.549413,-82.542503,-38.738,-19.285,22.347,12.77,4.569,0.01,0.00,0.000,0,0,0,0,0,"2260",4,8,0,7,0,0,0
55038.016,1279552637,27.549413,-82.542503,-38.485,-19.285,22.347,12.77,4.569,0.01,0.00,0.000,0,0,0,0,0,"2260",4,8,0,7,0,0,0
55039.016,1279552638,27.549413,-82.542503,-38.355,-19.285,22.347,12.85,4.569,0.02,0.00,0.000,0,0,0,0,0,"2260",4,9,0,7,0,0,0
55040.016,1279552639,27.549413,-82.542503,-38.598,-19.285,22.347,12.85,4.569,0.03,0.00,0.000,0,0,0,0,0,"2260",4,8,0,7,0,0,0
55041.016,1279552640,27.549413,-82.542503,-38.478,-19.285,22.390,12.85,4.578,0.02,-0.01,0.010,0,0,0,0,0,"2260",4,9,0,7,0,0,0
55042.015,1279552641,27.549413,-82.542503,-38.362,-19.285,22.433,12.85,4.586,0.01,0.00,0.000,0,0,0,0,0,"2260",4,9,0,7,0,0,0
55043.016,1279552642,27.549413,-82.542503,-38.616,-19.285,22.433,12.85,4.586,0.02,0.00,0.000,0,0,0,0,0,"2260",4,9,0,7,0,0,0
55044.015,1279552643,27.549413,-82.542503,-38.694,-19.285,22.433,12.92,4.586,0.02,0.00,0.000,0,0,0,0,0,"2260",4,8,0,7,0,0,0
55045.016,1279552644,27.549413,-82.542503,-38.456,-19.285,22.433,12.92,4.586,0.01,0.00,0.000,0,0,0,0,0,"2260",4,9,0,7,0,0,0
55046.016,1279552645,27.549413,-82.542503,-38.358,-19.285,22.475,12.92,4.595,0.00,0.00,0.000,0,0,0,0,0,"2260",4,9,0,7,0,0,0
55047.015,1279552646,27.549413,-82.542503,-38.515,-19.285,22.518,12.92,4.603,0.00,0.00,0.000,0,0,0,0,0,"2260",4,9,0,7,0,0,0
55048.016,1279552647,27.549413,-82.542503,-38.700,-19.285,22.518,12.92,4.603,0.00,0.00,0.000,0,0,0,0,0,"2260",4,9,0,7,0,0,0
55049.016,1279552648,27.549413,-82.542503,-38.549,-19.285,22.518,13.00,4.603,0.00,0.00,0.000,0,0,0,0,0,"2260",4,9,0,7,0,0,0
55050.018,1279552649,27.549413,-82.542503,-38.691,-19.285,22.518,13.00,4.603,0.00,0.00,0.000,0,0,0,0,0,"2260",4,9,0,7,0,0,0
55051.016,1279552650,27.549413,-82.542503,-38.627,-19.285,22.561,13.00,4.612,0.00,0.00,0.000,0,0,0,0,0,"2260",4,9,0,7,0,0,0
55052.016,1279552651,27.549413,-82.542503,-38.574,-19.285,22.603,13.00,4.620,0.00,0.00,0.000,0,0,0,0,0,"2260",4,9,0,7,0,0,0
55053.016,1279552652,27.549413,-82.542503,-38.454,-19.285,22.603,13.00,4.620,0.03,-0.01,-0.010,0,0,0,0,0,"2260",4,9,0,7,0,0,0
55054.016,1279552653,27.549413,-82.542503,-38.454,-19.285,22.603,13.07,4.620,0.05,0.00,-0.010,0,0,0,0,0,"2260",4,9,0,7,0,0,0
55055.016,1279552654,27.549413,-82.542503,-38.486,-19.285,22.603,13.07,4.620,0.05,0.00,0.000,0,0,0,0,0,"2260",4,8,0,7,0,0,0
55056.016,1279552655,27.549413,-82.542503,-38.435,-19.285,22.646,13.07,4.629,0.03,0.00,0.000,0,0,0,0,0,"2260",4,8,0,7,0,0,0
55057.015,1279552656,27.549413,-82.542503,-38.484,-19.285,22.688,13.07,4.637,0.01,0.00,0.000,0,0,0,0,0,"2260",4,8,0,7,0,0,0
55058.016,1279552657,27.549413,-82.542503,-38.672,-19.285,22.688,13.07,4.637,0.02,-0.01,0.000,0,0,0,0,0,"2260",4,9,0,7,0,0,0
55059.016,1279552658,27.549413,-82.542503,-38.580,-19.285,22.688,13.14,4.637,0.00,0.00,0.000,0,0,0,0,0,"2260",4,9,0,7,0,0,0
55060.018,1279552659,27.549413,-82.542503,-38.708,-19.285,22.688,13.14,4.637,0.01,0.00,0.000,0,0,0,0,0,"2260",4,9,0,7,0,0,0
55061.016,1279552660,27.549413,-82.542503,-38.828,-19.285,22.730,13.14,4.646,0.01,-0.01,0.010,0,0,0,0,0,"2260",4,8,0,7,0,0,0
55062.015,1279552661,27.549413,-82.542503,-38.694,-19.285,22.773,13.14,4.654,0.02,0.00,0.000,0,0,0,0,0,"2260",4,9,0,7,0,0,0
55063.015,1279552662,27.549413,-82.542503,-38.579,-19.285,22.773,13.14,4.654,0.01,-0.01,0.000,0,0,0,0,0,"2260",4,8,0,7,0,0,0
55064.015,1279552663,27.549413,-82.542503,-38.511,-19.285,22.773,13.22,4.654,0.02,0.00,0.000,0,0,0,0,0,"2260",4,9,0,7,0,0,0
55065.015,1279552664,27.549414,-82.542503,-38.859,-19.293,21.913,12.24,4.482,0.04,-0.01,0.000,0,0,0,0,0,"2260",4,9,0,7,0,0,0
55066.016,1279552665,27.549414,-82.542503,-38.591,-19.293,21.913,12.24,4.482,0.03,0.00,0.000,0,0,0,0,0,"2260",4,9,0,7,0,0,0
55067.016,1279552666,27.549414,-82.542503,-38.797,-19.293,21.957,12.31,4.491,0.03,0.00,0.010,0,0,0,0,0,"2260",4,8,0,7,0,0,0
55068.016,1279552667,27.549414,-82.542503,-38.593,-19.293,22.000,12.31,4.500,0.01,0.00,0.000,0,0,0,0,0,"2260",4,9,0,7,0,0,0
55069.016,1279552668,27.549414,-82.542503,-38.318,-19.293,22.000,12.31,4.500,-0.01,0.01,-0.010,0,0,0,0,0,"2260",4,9,0,7,0,0,0
55070.017,1279552669,27.549414,-82.542503,-38.601,-19.293,22.000,12.31,4.500,-0.02,0.00,-0.010,0,0,0,0,0,"2260",4,9,0,7,0,0,0
55071.015,1279552670,27.549414,-82.542503,-38.464,-19.293,22.000,12.31,4.500,-0.02,0.00,-0.010,0,0,0,0,0,"2260",4,9,0,7,0,0,0
55072.016,1279552671,27.549414,-82.542503,-38.607,-19.293,22.044,12.39,4.508,-0.01,-0.01,-0.010,0,0,0,0,0,"2260",4,9,0,7,0,0,0
55073.016,1279552672,27.549414,-82.542503,-38.456,-19.293,22.088,12.39,4.517,-0.01,0.00,0.000,0,0,0,0,0,"2260",4,9,0,7,0,0,0
55074.016,1279552673,27.549414,-82.542503,-38.603,-19.293,22.088,12.39,4.517,0.00,0.00,0.000,0,0,0,0,0,"2260",4,9,0,7,0,0,0
55075.016,1279552674,27.549414,-82.542503,-38.441,-19.293,22.088,12.39,4.517,0.02,0.00,0.000,0,0,0,0,0,"2260",4,8,0,7,0,0,0
55076.016,1279552675,27.549414,-82.542503,-38.454,-19.293,22.088,12.39,4.517,0.02,0.00,-0.010,0,0,0,0,0,"2260",4,9,0,7,0,0,0
55077.016,1279552676,27.549414,-82.542503,-38.580,-19.293,22.131,12.47,4.526,0.02,0.00,0.000,0,0,0,0,0,"2260",4,9,0,7,0,0,0
55078.016,1279552677,27.549414,-82.542503,-38.350,-19.293,22.174,12.47,4.534,0.04,0.00,0.000,0,0,0,0,0,"2260",4,9,0,7,0,0,0
55079.016,1279552678,27.549414,-82.542503,-38.672,-19.293,22.174,12.47,4.534,0.05,0.00,-0.010,0,0,0,0,0,"2260",4,9,0,7,0,0,0
55080.016,1279552679,27.549414,-82.542503,-38.509,-19.293,22.174,12.47,4.534,0.06,0.00,0.000,0,0,0,0,0,"2260",4,9,0,7,0,0,0
55081.016,1279552680,27.549414,-82.542503,-38.478,-19.293,22.174,12.47,4.534,0.06,0.00,0.000,0,0,0,0,0,"2260",4,9,0,7,0,0,0
55082.016,1279552681,27.549414,-82.542503,-38.567,-19.293,22.218,12.55,4.543,0.05,0.00,0.000,0,0,0,0,0,"2260",4,9,0,7,0,0,0
55083.016,1279552682,27.549414,-82.542503,-38.520,-19.293,22.261,12.55,4.552,0.04,0.00,0.000,0,0,0,0,0,"2260",4,8,0,7,0,0,0
55084.016,1279552683,27.549414,-82.542503,-38.424,-19.293,22.261,12.55,4.552,0.06,-0.01,-0.010,0,0,0,0,0,"2260",4,9,0,7,0,0,0
55085.016,1279552684,27.549414,-82.542503,-38.618,-19.293,22.261,12.55,4.552,0.07,0.00,0.000,0,0,0,0,0,"2260",4,8,0,7,0,0,0
55086.016,1279552685,27.549414,-82.542503,-38.586,-19.293,22.261,12.55,4.552,0.06,0.00,0.000,0,0,0,0,0,"2260",4,8,0,7,0,0,0
55087.016,1279552686,27.549414,-82.542503,-38.394,-19.293,22.304,12.62,4.560,0.04,0.00,0.000,0,0,0,0,0,"2260",4,9,0,7,0,0,0
55088.016,1279552687,27.549414,-82.542503,-38.452,-19.293,22.347,12.62,4.569,0.04,0.00,0.020,0,0,0,0,0,"2260",4,9,0,7,0,0,0
55089.016,1279552688,27.549414,-82.542503,-38.336,-19.293,22.347,12.62,4.569,0.05,0.00,0.020,0,0,0,0,0,"2260",4,8,0,7,0,0,0
55090.016,1279552689,27.549414,-82.542503,-38.580,-19.293,22.347,12.62,4.569,0.05,0.00,-0.010,0,0,0,0,0,"2260",4,9,0,7,0,0,0
55091.015,1279552690,27.549414,-82.542503,-38.411,-19.293,22.347,12.62,4.569,0.05,0.00,0.010,0,0,0,0,0,"2260",4,9,0,7,0,0,0
55092.016,1279552691,27.549414,-82.542503,-38.539,-19.293,22.390,12.70,4.578,0.03,0.00,0.000,0,0,0,0,0,"2260",4,9,0,7,0,0,0
55093.016,1279552692,27.549414,-82.542503,-38.544,-19.293,22.433,12.70,4.586,0.02,-0.01,-0.010,0,0,0,0,0,"2260",4,8,0,7,0,0,0
55094.016,1279552693,27.549414,-82.542503,-38.360,-19.293,22.433,12.70,4.586,0.04,0.00,0.000,0,0,0,0,0,"2260",4,8,0,7,0,0,0
55095.016,1279552694,27.549414,-82.542503,-38.584,-19.293,22.433,12.70,4.586,0.03,0.00,0.000,0,0,0,0,0,"2260",4,8,0,7,0,0,0
55096.015,1279552695,27.549414,-82.542503,-38.594,-19.293,22.433,12.70,4.586,0.03,0.00,0.000,0,0,0,0,0,"2260",4,9,0,7,0,0,0
55097.016,1279552696,27.549414,-82.542503,-38.348,-19.293,22.475,12.77,4.595,0.02,0.00,0.000,0,0,0,0,0,"2260",4,9,0,7,0,0,0
55098.016,1279552697,27.549414,-82.542503,-38.639,-19.293,22.518,12.77,4.603,0.03,0.00,0.000,0,0,0,0,0,"2260",4,9,0,7,0,0,0
55099.016,1279552698,27.549414,-82.542503,-38.591,-19.293,22.518,12.77,4.603,0.04,0.00,-0.010,0,0,0,0,0,"2260",4,8,0,7,0,0,0
55100.016,1279552699,27.549414,-82.542503,-38.548,-19.293,22.518,12.77,4.603,0.04,0.00,0.000,0,0,0,0,0,"2260",4,9,0,7,0,0,0
55101.016,1279552700,27.549414,-82.542503,-38.777,-19.293,22.518,12.77,4.603,0.05,0.00,0.000,0,0,0,0,0,"2260",4,8,0,7,0,0,0
55102.016,1279552701,27.549414,-82.542503,-38.580,-19.293,22.561,12.85,4.612,0.02,0.00,-0.010,0,0,0,0,0,"2260",4,8,0,7,0,0,0
55103.015,1279552702,27.549414,-82.542503,-38.459,-19.293,22.603,12.85,4.620,0.00,0.01,0.000,0,0,0,0,0,"2260",4,9,0,7,0,0,0
55104.016,1279552703,27.549414,-82.542503,-38.814,-19.293,22.603,12.85,4.620,0.01,0.00,0.000,0,0,0,0,0,"2260",4,8,0,7,0,0,0
55105.016,1279552704,27.549414,-82.542502,-38.663,-19.166,22.131,12.39,4.526,0.02,-0.01,0.000,0,0,0,0,0,"2260",4,8,0,7,0,0,0
55106.015,1279552705,27.549414,-82.542502,-38.553,-19.166,22.174,12.39,4.534,0.03,0.00,-0.010,0,0,0,0,0,"2260",4,9,0,7,0,0,0
55107.015,1279552706,27.549414,-82.542502,-38.596,-19.166,22.174,12.39,4.534,0.03,0.01,0.010,0,0,0,0,0,"2260",4,8,0,7,0,0,0
55108.015,1279552707,27.549414,-82.542502,-38.543,-19.166,22.218,12.39,4.543,0.05,0.00,0.010,0,0,0,0,0,"2260",4,8,0,7,0,0,0
55109.015,1279552708,27.549414,-82.542502,-38.671,-19.166,22.218,12.39,4.543,0.04,0.00,0.010,0,0,0,0,0,"2260",4,9,0,7,0,0,0
55110.015,1279552709,27.549414,-82.542502,-38.394,-19.166,22.218,12.47,4.543,0.03,0.00,-0.010,0,0,0,0,0,"2260",4,9,0,7,0,0,0
55111.015,1279552710,27.549414,-82.542502,-38.536,-19.166,22.261,12.47,4.552,0.01,0.01,0.000,0,0,0,0,0,"2260",4,9,0,7,0,0,0
55112.015,1279552711,27.549414,-82.542502,-38.449,-19.166,22.261,12.47,4.552,0.02,0.00,0.000,0,0,0,0,0,"2260",4,8,0,7,0,0,0
55113.016,1279552712,27.549414,-82.542502,-38.672,-19.166,22.304,12.47,4.560,0.03,0.00,0.000,0,0,0,0,0,"2260",4,9,0,7,0,0,0
55114.015,1279552713,27.549414,-82.542502,-38.343,-19.166,22.304,12.47,4.560,0.04,0.00,0.010,0,0,0,0,0,"2260",4,9,0,7,0,0,0
55115.016,1279552714,27.549414,-82.542502,-38.503,-19.166,22.304,12.55,4.560,0.04,0.00,0.000,0,0,0,0,0,"2260",4,8,0,7,0,0,0
55116.016,1279552715,27.549414,-82.542502,-38.483,-19.166,22.347,12.55,4.569,0.03,0.01,0.000,0,0,0,0,0,"2260",4,8,0,7,0,0,0
55117.016,1279552716,27.549414,-82.542502,-38.522,-19.166,22.347,12.55,4.569,0.04,0.00,0.000,0,0,0,0,0,"2260",4,9,0,7,0,0,0
55118.015,1279552717,27.549414,-82.542502,-38.577,-19.166,22.390,12.55,4.578,0.03,0.00,0.000,0,0,0,0,0,"2260",4,9,0,7,0,0,0
55119.016,1279552718,27.549414,-82.542502,-38.277,-19.166,22.390,12.55,4.578,0.03,0.00,0.000,0,0,0,0,0,"2260",4,9,0,7,0,0,0
55120.016,1279552719,27.549414,-82.542502,-38.327,-19.166,22.390,12.62,4.578,0.02,0.00,0.020,0,0,0,0,0,"2260",4,9,0,7,0,0,0
55121.015,1279552720,27.549414,-82.542502,-38.268,-19.166,22.433,12.62,4.586,0.00,0.00,0.000,0,0,0,0,0,"2260",4,9,0,7,0,0,0
55122.016,1279552721,27.549414,-82.542502,-38.205,-19.166,22.433,12.62,4.586,0.00,0.01,-0.020,0,0,0,0,0,"2260",4,9,0,7,0,0,0
55123.016,1279552722,27.549414,-82.542502,-38.390,-19.166,22.475,12.62,4.595,0.01,0.00,0.000,0,0,0,0,0,"2260",4,9,0,7,0,0,0
55124.016,1279552723,27.549414,-82.542502,-38.205,-19.166,22.475,12.62,4.595,0.00,0.00,0.010,0,0,0,0,0,"2260",4,9,0,7,0,0,0
55125.016,1279552724,27.549414,-82.542502,-38.646,-19.166,22.475,12.70,4.595,-0.02,0.01,0.000,0,0,0,0,0,"2260",4,9,0,7,0,0,0
55126.016,1279552725,27.549414,-82.542502,-38.640,-19.166,22.518,12.70,4.603,-0.01,0.00,0.000,0,0,0,0,0,"2260",4,9,0,7,0,0,0
55127.015,1279552726,27.549414,-82.542502,-38.325,-19.166,22.518,12.70,4.603,-0.01,0.01,0.000,0,0,0,0,0,"2260",4,8,0,7,0,0,0
55128.016,1279552727,27.549414,-82.542502,-38.429,-19.166,22.561,12.70,4.612,-0.01,0.00,0.000,0,0,0,0,0,"2260",4,9,0,7,0,0,0
55129.016,1279552728,27.549414,-82.542502,-38.292,-19.166,22.561,12.70,4.612,-0.02,0.01,0.000,0,0,0,0,0,"2260",4,8,0,7,0,0,0
55130.016,1279552729,27.549414,-82.542502,-38.271,-19.166,22.561,12.77,4.612,0.00,0.00,0.000,0,0,0,0,0,"2260",4,9,0,7,0,0,0
55131.015,1279552730,27.549414,-82.542502,-38.653,-19.166,22.603,12.77,4.620,-0.01,0.00,0.010,0,0,0,0,0,"2260",4,9,0,7,0,0,0
55132.016,1279552731,27.549414,-82.542502,-38.402,-19.166,22.603,12.77,4.620,0.00,0.00,0.010,0,0,0,0,0,"2260",4,9,0,7,0,0,0
55133.016,1279552732,27.549414,-82.542502,-38.631,-19.166,22.646,12.77,4.629,0.01,0.00,0.000,0,0,0,0,0,"2260",4,9,0,7,0,0,0
55134.015,1279552733,27.549414,-82.542502,-38.378,-19.166,22.646,12.77,4.629,0.01,0.00,0.010,0,0,0,0,0,"2260",4,8,0,7,0,0,0
55135.016,1279552734,27.549414,-82.542502,-38.500,-19.166,22.646,12.85,4.629,0.00,0.00,0.000,0,0,0,0,0,"2260",4,9,0,7,0,0,0
55136.015,1279552735,27.549414,-82.542502,-38.265,-19.166,22.688,12.85,4.637,0.00,0.00,0.000,0,0,0,0,0,"2260",4,9,0,7,0,0,0
55137.016,1279552736,27.549414,-82.542502,-38.567,-19.166,22.688,12.85,4.637,-0.01,0.00,-0.010,0,0,0,0,0,"2260",4,9,0,7,0,0,0
55138.015,1279552737,27.549414,-82.542502,-38.368,-19.166,22.730,12.85,4.646,-0.03,0.00,0.000,0,0,0,0,0,"2260",4,9,0,7,0,0,0
55139.015,1279552738,27.549414,-82.542502,-38.476,-19.166,22.730,12.85,4.646,0.00,-0.01,0.000,0,0,0,0,0,"2260",4,9,0,7,0,0,0
55140.016,1279552739,27.549414,-82.542502,-38.427,-19.166,22.730,12.92,4.646,0.00,0.01,0.000,0,0,0,0,0,"2260",4,9,0,7,0,0,0
55141.015,1279552740,27.549414,-82.542502,-38.386,-19.166,22.773,12.92,4.654,0.00,0.00,0.000,0,0,0,0,0,"2260",4,9,0,7,0,0,0
55142.016,1279552741,27.549414,-82.542502,-38.478,-19.166,22.773,12.92,4.654,0.00,0.00,0.000,0,0,0,0,0,"2260",4,9,0,7,0,0,0
55143.015,1279552742,27.549414,-82.542502,-38.462,-19.166,22.815,12.92,4.663,0.01,0.00,0.000,0,0,0,0,0,"2260",4,9,0,7,0,0,0
55144.015,1279552743,27.549414,-82.542502,-38.482,-19.166,22.815,12.92,4.663,0.02,0.00,0.010,0,0,0,0,0,"2260",4,9,0,7,0,0,0
55145.016,1279552744,27.549414,-82.542502,-38.450,-19.198,21.957,11.84,4.491,0.04,0.00,0.000,0,0,0,0,0,"2260",4,9,0,7,0,0,0
55146.016,1279552745,27.549414,-82.542502,-38.662,-19.198,21.957,11.92,4.491,0.04,0.00,-0.010,0,0,0,0,0,"2260",4,9,0,7,0,0,0
55147.016,1279552746,27.549415,-82.542503,-38.540,-19.173,22.433,12.31,4.586,0.05,0.00,-0.020,0,0,0,0,0,"2260",4,9,0,7,0,0,0
55148.016,1279552747,27.549415,-82.542503,-38.229,-19.025,21.018,10.91,4.303,0.05,0.00,0.000,0,0,0,0,0,"2260",4,9,0,7,0,0,0
55149.016,1279552748,27.549415,-82.542503,-38.553,-19.025,21.064,11.00,4.312,0.06,0.00,0.000,0,0,0,0,0,"2260",4,9,0,7,0,0,0
55150.016,1279552749,27.549415,-82.542503,-38.244,-19.025,21.064,11.00,4.312,0.05,0.01,0.000,0,0,0,0,0,"2260",4,8,0,7,0,0,0
55151.016,1279552750,27.549415,-82.542503,-38.383,-19.025,21.064,11.00,4.312,0.06,0.00,0.000,0,0,0,0,0,"2260",4,9,0,7,0,0,0
55152.016,1279552751,27.549415,-82.542503,-38.246,-19.025,21.109,11.00,4.321,0.05,0.00,0.000,0,0,0,0,0,"2260",4,9,0,7,0,0,0
55153.016,1279552752,27.549415,-82.542503,-38.505,-19.025,21.109,11.00,4.321,0.04,0.00,0.000,0,0,0,0,0,"2260",4,9,0,7,0,0,0
55154.015,1279552753,27.549415,-82.542503,-38.388,-19.025,21.155,11.08,4.331,0.04,0.00,0.010,0,0,0,0,0,"2260",4,9,0,7,0,0,0
55155.016,1279552754,27.549415,-82.542503,-38.639,-19.025,21.155,11.08,4.331,0.02,-0.01,0.000,0,0,0,0,0,"2260",4,9,0,7,0,0,0
55156.016,1279552755,27.549415,-82.542503,-38.459,-19.025,21.155,11.08,4.331,0.01,0.00,-0.020,0,0,0,0,0,"2260",4,9,0,7,0,0,0
55157.016,1279552756,27.549415,-82.542503,-38.403,-19.025,21.200,11.08,4.340,-0.01,0.02,0.000,0,0,0,0,0,"2260",4,8,0,7,0,0,0
55158.016,1279552757,27.549415,-82.542503,-38.150,-19.025,21.200,11.08,4.340,0.00,0.00,0.000,0,0,0,0,0,"2260",4,9,0,7,0,0,0
55159.016,1279552758,27.549415,-82.542503,-38.647,-19.025,21.245,11.17,4.349,0.00,-0.01,0.020,0,0,0,0,0,"2260",4,8,0,7,0,0,0
55160.016,1279552759,27.549415,-82.542503,-38.303,-19.025,21.245,11.17,4.349,0.01,-0.01,0.010,0,0,0,0,0,"2260",4,9,0,7,0,0,0
55161.016,1279552760,27.549415,-82.542503,-38.335,-19.025,21.245,11.17,4.349,0.00,0.00,0.020,0,0,0,0,0,"2260",4,9,0,7,0,0,0
55162.016,1279552761,27.549415,-82.542503,-38.521,-19.025,21.291,11.17,4.358,0.00,0.00,0.000,0,0,0,0,0,"2260",4,9,0,7,0,0,0
55163.016,1279552762,27.549415,-82.542503,-38.573,-19.025,21.291,11.17,4.358,-0.01,0.00,0.010,0,0,0,0,0,"2260",4,9,0,7,0,0,0
55164.016,1279552763,27.549415,-82.542503,-38.540,-19.025,21.336,11.25,4.367,-0.01,0.00,0.000,0,0,0,0,0,"2260",4,9,0,7,0,0,0
55165.016,1279552764,27.549415,-82.542503,-38.415,-19.025,21.336,11.25,4.367,0.00,0.00,0.000,0,0,0,0,0,"2260",4,9,0,7,0,0,0
55166.016,1279552765,27.549415,-82.542503,-38.471,-19.025,21.336,11.25,4.367,0.00,-0.01,0.000,0,0,0,0,0,"2260",4,9,0,7,0,0,0
55167.016,1279552766,27.549415,-82.542503,-38.254,-19.025,21.381,11.25,4.376,0.00,-0.01,0.000,0,0,0,0,0,"2260",4,9,0,7,0,0,0
55168.016,1279552767,27.549415,-82.542503,-38.283,-19.025,21.381,11.25,4.376,0.00,0.00,0.010,0,0,0,0,0,"2260",4,9,0,7,0,0,0
55169.016,1279552768,27.549415,-82.542503,-38.318,-19.025,21.425,11.34,4.385,-0.02,0.00,0.010,0,0,0,0,0,"2260",4,9,0,7,0,0,0
55170.016,1279552769,27.549415,-82.542503,-38.600,-19.025,21.425,11.34,4.385,-0.01,-0.01,0.010,0,0,0,0,0,"2260",4,8,0,7,0,0,0
55171.016,1279552770,27.549415,-82.542503,-38.154,-19.025,21.425,11.34,4.385,-0.02,-0.01,0.000,0,0,0,0,0,"2260",4,9,0,7,0,0,0
55172.017,1279552771,27.549415,-82.542503,-38.522,-19.025,21.470,11.34,4.394,0.00,0.00,0.000,0,0,0,0,0,"2260",4,8,0,7,0,0,0
55173.016,1279552772,27.549415,-82.542503,-38.638,-19.025,21.470,11.34,4.394,0.01,-0.01,0.000,0,0,0,0,0,"2260",4,8,0,7,0,0,0
55174.016,1279552773,27.549415,-82.542503,-38.607,-19.025,21.515,11.42,4.403,0.00,0.00,-0.020,0,0,0,0,0,"2260",4,8,0,7,0,0,0
55175.016,1279552774,27.549415,-82.542503,-38.615,-19.025,21.515,11.42,4.403,0.01,-0.01,0.000,0,0,0,0,0,"2260",4,8,0,7,0,0,0
55176.016,1279552775,27.549415,-82.542503,-38.612,-19.025,21.515,11.42,4.403,0.00,0.00,0.000,0,0,0,0,0,"2260",4,8,0,7,0,0,0
55177.015,1279552776,27.549415,-82.542503,-38.482,-19.025,21.560,11.42,4.412,0.01,0.00,0.000,0,0,0,0,0,"2260",4,9,0,7,0,0,0
55178.016,1279552777,27.549415,-82.542503,-38.519,-19.025,21.560,11.42,4.412,0.01,0.00,0.010,0,0,0,0,0,"2260",4,9,0,7,0,0,0
55179.016,1279552778,27.549415,-82.542503,-38.491,-19.025,21.604,11.51,4.420,0.01,0.00,0.000,0,0,0,0,0,"2260",4,8,0,7,0,0,0
55180.016,1279552779,27.549415,-82.542503,-38.402,-19.025,21.604,11.51,4.420,0.01,0.00,0.000,0,0,0,0,0,"2260",4,8,0,7,0,0,0
55181.016,1279552780,27.549415,-82.542503,-38.556,-19.025,21.604,11.51,4.420,0.02,-0.01,0.000,0,0,0,0,0,"2260",4,8,0,7,0,0,0
55182.015,1279552781,27.549415,-82.542503,-38.653,-19.025,21.648,11.51,4.429,0.03,0.00,0.000,0,0,0,0,0,"2260",4,8,0,7,0,0,0
55183.016,1279552782,27.549415,-82.542503,-38.408,-19.025,21.648,11.51,4.429,0.05,-0.01,-0.010,0,0,0,0,0,"2260",4,8,0,7,0,0,0
55184.016,1279552783,27.549415,-82.542503,-38.486,-19.025,21.693,11.59,4.438,0.05,0.00,-0.010,0,0,0,0,0,"2260",4,9,0,7,0,0,0
55185.016,1279552784,27.549415,-82.542503,-38.427,-19.025,21.693,11.59,4.438,0.03,0.01,0.000,0,0,0,0,0,"2260",4,8,0,7,0,0,0
55186.016,1279552785,27.549415,-82.542503,-38.531,-19.025,21.693,11.59,4.438,0.02,0.00,0.000,0,0,0,0,0,"2260",4,9,0,7,0,0,0
55187.016,1279552786,27.549415,-82.542503,-38.640,-19.025,21.737,11.59,4.447,0.03,0.01,0.000,0,0,0,0,0,"2260",4,9,0,7,0,0,0
55188.016,1279552787,27.549416,-82.542502,-38.626,-18.920,20.927,10.73,4.285,0.03,0.00,0.000,0,0,0,0,0,"2260",4,9,0,7,0,0,0
55189.016,1279552788,27.549416,-82.542502,-38.715,-18.920,21.018,10.73,4.303,0.03,0.00,0.000,0,0,0,0,0,"2260",4,9,0,7,0,0,0
55190.016,1279552789,27.549416,-82.542502,-38.489,-18.920,21.018,10.73,4.303,0.05,0.00,0.000,0,0,0,0,0,"2260",4,8,0,7,0,0,0
55191.016,1279552790,27.549416,-82.542502,-38.577,-18.920,21.018,10.82,4.303,0.03,0.00,0.000,0,0,0,0,0,"2260",4,9,0,7,0,0,0
55192.016,1279552791,27.549416,-82.542502,-38.408,-18.920,21.018,10.82,4.303,0.02,0.00,0.000,0,0,0,0,0,"2260",4,8,0,7,0,0,0
55193.016,1279552792,27.549416,-82.542502,-38.469,-18.920,21.018,10.82,4.303,0.02,-0.01,0.000,0,0,0,0,0,"2260",4,9,0,7,0,0,0
55194.015,1279552793,27.549416,-82.542502,-38.270,-18.920,21.109,10.82,4.321,0.04,0.00,0.000,0,0,0,0,0,"2260",4,9,0,7,0,0,0
55195.017,1279552794,27.549416,-82.542502,-38.735,-18.920,21.109,10.82,4.321,0.04,0.00,0.000,0,0,0,0,0,"2260",4,9,0,7,0,0,0
55196.016,1279552795,27.549416,-82.542502,-38.429,-18.920,21.109,10.91,4.321,0.05,-0.01,0.000,0,0,0,0,0,"2260",4,9,0,7,0,0,0
55197.016,1279552796,27.549416,-82.542502,-38.506,-18.920,21.109,10.91,4.321,0.08,0.00,0.000,0,0,0,0,0,"2260",4,8,0,7,0,0,0
55198.015,1279552797,27.549416,-82.542502,-38.606,-18.920,21.109,10.91,4.321,0.07,0.00,0.010,0,0,0,0,0,"2260",4,9,0,7,0,0,0
55199.016,1279552798,27.549416,-82.542502,-38.373,-18.920,21.200,10.91,4.340,0.07,0.00,-0.010,0,0,0,0,0,"2260",4,9,0,7,0,0,0
55200.016,1279552799,27.549416,-82.542502,-38.354,-18.920,21.200,10.91,4.340,0.05,0.00,0.010,0,0,0,0,0,"2260",4,9,0,7,0,0,0
55201.015,1279552800,27.549416,-82.542502,-38.503,-18.920,21.200,11.00,4.340,0.06,0.00,0.010,0,0,0,0,0,"2260",4,9,0,7,0,0,0
55202.015,1279552801,27.549416,-82.542502,-38.572,-18.920,21.200,11.00,4.340,0.06,-0.01,0.000,0,0,0,0,0,"2260",4,8,0,7,0,0,0
55203.016,1279552802,27.549416,-82.542502,-38.217,-18.920,21.200,11.00,4.340,0.06,0.00,0.000,0,0,0,0,0,"2260",4,9,0,7,0,0,0
55204.015,1279552803,27.549416,-82.542502,-38.058,-18.920,21.291,11.00,4.358,0.05,-0.01,0.000,0,0,0,0,0,"2260",4,8,0,7,0,0,0
55205.016,1279552804,27.549416,-82.542502,-38.151,-18.920,21.291,11.00,4.358,0.04,0.00,0.000,0,0,0,0,0,"2260",4,8,0,7,0,0,0
55206.015,1279552805,27.549416,-82.542502,-38.351,-18.920,21.291,11.08,4.358,0.02,0.00,0.000,0,0,0,0,0,"2260",4,8,0,7,0,0,0
55207.015,1279552806,27.549416,-82.542502,-38.075,-18.920,21.291,11.08,4.358,0.01,0.00,0.000,0,0,0,0,0,"2260",4,9,0,7,0,0,0
55208.016,1279552807,27.549416,-82.542502,-38.541,-18.920,21.291,11.08,4.358,0.00,0.00,-0.010,0,0,0,0,0,"2260",4,9,0,7,0,0,0
55209.016,1279552808,27.549416,-82.542502,-38.358,-18.920,21.381,11.08,4.376,0.00,0.00,0.010,0,0,0,0,0,"2260",4,9,0,7,0,0,0
55210.016,1279552809,27.549416,-82.542502,-38.212,-18.920,21.381,11.08,4.376,0.00,0.00,0.000,0,0,0,0,0,"2260",4,9,0,7,0,0,0
55211.016,1279552810,27.549416,-82.542502,-38.469,-18.920,21.381,11.17,4.376,0.00,0.00,0.000,0,0,0,0,0,"2260",4,9,0,7,0,0,0
55212.016,1279552811,27.549416,-82.542502,-38.236,-18.920,21.381,11.17,4.376,-0.01,0.00,0.000,0,0,0,0,0,"2260",4,9,0,7,0,0,0
55213.016,1279552812,27.549416,-82.542502,-38.291,-18.920,21.381,11.17,4.376,-0.04,0.01,0.010,0,0,0,0,0,"2260",4,9,0,7,0,0,0
55214.016,1279552813,27.549416,-82.542502,-38.504,-18.920,21.470,11.17,4.394,-0.05,0.00,0.010,0,0,0,0,0,"2260",4,9,0,7,0,0,0
55215.016,1279552814,27.549416,-82.542502,-38.738,-18.920,21.470,11.17,4.394,-0.04,0.00,-0.010,0,0,0,0,0,"2260",4,9,0,7,0,0,0
55216.016,1279552815,27.549416,-82.542502,-38.675,-18.920,21.470,11.25,4.394,-0.05,0.01,0.000,0,0,0,0,0,"2260",4,9,0,7,0,0,0
55217.015,1279552816,27.549416,-82.542502,-38.519,-18.920,21.470,11.25,4.394,-0.02,-0.01,0.000,0,0,0,0,0,"2260",4,9,0,7,0,0,0
55218.016,1279552817,27.549416,-82.542502,-38.766,-18.920,21.470,11.25,4.394,-0.03,0.00,0.010,0,0,0,0,0,"2260",4,9,0,7,0,0,0
55219.016,1279552818,27.549416,-82.542502,-38.586,-18.920,21.560,11.25,4.412,-0.03,0.00,-0.010,0,0,0,0,0,"2260",4,9,0,7,0,0,0
55220.015,1279552819,27.549416,-82.542502,-38.671,-18.920,21.560,11.25,4.412,-0.04,0.00,0.000,0,0,0,0,0,"2260",4,9,0,7,0,0,0
55221.015,1279552820,27.549416,-82.542502,-38.659,-18.920,21.560,11.34,4.412,-0.04,0.00,0.000,0,0,0,0,0,"2260",4,9,0,7,0,0,0
55222.016,1279552821,27.549416,-82.542502,-38.254,-18.920,21.560,11.34,4.412,-0.05,0.00,-0.010,0,0,0,0,0,"2260",4,9,0,7,0,0,0
55223.016,1279552822,27.549416,-82.542502,-38.747,-18.920,21.560,11.34,4.412,-0.05,0.00,0.010,0,0,0,0,0,"2260",4,9,0,7,0,0,0
55224.016,1279552823,27.549416,-82.542502,-38.788,-18.920,21.648,11.34,4.429,-0.04,0.00,0.000,0,0,0,0,0,"2260",4,9,0,7,0,0,0
55225.016,1279552824,27.549416,-82.542502,-38.773,-18.920,21.648,11.34,4.429,-0.02,-0.01,-0.010,0,0,0,0,0,"2260",4,9,0,7,0,0,0
55226.016,1279552825,27.549416,-82.542502,-38.493,-18.920,21.648,11.42,4.429,-0.01,-0.01,0.000,0,0,0,0,0,"2260",4,9,0,7,0,0,0
55227.016,1279552826,27.549416,-82.542502,-38.404,-18.920,21.648,11.42,4.429,-0.03,0.00,0.000,0,0,0,0,0,"2260",4,9,0,7,0,0,0
55228.016,1279552827,27.549416,-82.542501,-38.481,-18.853,21.291,11.00,4.358,-0.02,0.00,0.000,0,0,0,0,0,"2260",4,9,0,7,0,0,0
55229.016,1279552828,27.549416,-82.542501,-38.621,-18.853,21.291,11.00,4.358,-0.02,-0.01,0.000,0,0,0,0,0,"2260",4,9,0,7,0,0,0
55230.016,1279552829,27.549416,-82.542501,-38.304,-18.853,21.291,11.00,4.358,-0.02,0.00,0.010,0,0,0,0,0,"2260",4,9,0,7,0,0,0
55231.016,1279552830,27.549416,-82.542501,-38.456,-18.853,21.291,11.00,4.358,0.00,0.00,0.000,0,0,0,0,0,"2260",4,9,0,7,0,0,0
55232.016,1279552831,27.549416,-82.542501,-38.590,-18.853,21.336,11.00,4.367,0.00,0.00,0.000,0,0,0,0,0,"2260",4,9,0,7,0,0,0
55233.016,1279552832,27.549416,-82.542501,-38.574,-18.853,21.381,11.08,4.376,-0.01,0.00,0.020,0,0,0,0,0,"2260",4,9,0,7,0,0,0
55234.015,1279552833,27.549416,-82.542501,-38.708,-18.853,21.381,11.08,4.376,0.00,0.00,0.000,0,0,0,0,0,"2260",4,9,0,7,0,0,0
55235.016,1279552834,27.549416,-82.542501,-38.265,-18.853,21.381,11.08,4.376,-0.01,0.00,0.020,0,0,0,0,0,"2260",4,9,0,7,0,0,0
55236.016,1279552835,27.549416,-82.542501,-38.599,-18.853,21.381,11.08,4.376,-0.01,-0.01,0.000,0,0,0,0,0,"2260",4,9,0,7,0,0,0
55237.015,1279552836,27.549416,-82.542501,-38.313,-18.853,21.425,11.08,4.385,-0.01,0.00,0.010,0,0,0,0,0,"2260",4,9,0,7,0,0,0
55238.016,1279552837,27.549416,-82.542501,-38.273,-18.853,21.470,11.17,4.394,-0.01,0.00,0.010,0,0,0,0,0,"2260",4,9,0,7,0,0,0
55239.015,1279552838,27.549416,-82.542501,-38.390,-18.853,21.470,11.17,4.394,0.00,0.00,-0.010,0,0,0,0,0,"2260",4,9,0,7,0,0,0
55240.016,1279552839,27.549416,-82.542501,-38.236,-18.853,21.470,11.17,4.394,0.01,0.00,-0.010,0,0,0,0,0,"2260",4,9,0,7,0,0,0
55241.015,1279552840,27.549416,-82.542501,-38.288,-18.853,21.470,11.17,4.394,0.00,0.00,0.010,0,0,0,0,0,"2260",4,8,0,7,0,0,0
55242.016,1279552841,27.549415,-82.542500,-38.205,-18.869,22.000,11.67,4.500,-0.01,0.00,0.000,0,0,0,0,0,"2260",4,8,0,7,0,0,0
55243.016,1279552842,27.549415,-82.542498,-38.197,-18.768,20.881,10.46,4.276,0.00,-0.01,-0.010,0,0,0,0,0,"2260",4,8,0,7,0,0,0
55244.015,1279552843,27.549415,-82.542498,-38.296,-18.768,20.881,10.46,4.276,0.02,0.00,0.000,0,0,0,0,0,"2260",4,8,0,7,0,0,0
55245.016,1279552844,27.549415,-82.542498,-38.676,-18.768,20.881,10.46,4.276,0.01,-0.01,0.000,0,0,0,0,0,"2260",4,7,0,7,0,0,0
55246.016,1279552845,27.549415,-82.542498,-38.530,-18.768,20.927,10.46,4.285,0.03,0.00,0.000,0,0,0,0,0,"2260",4,8,0,7,0,0,0
55247.016,1279552846,27.549415,-82.542498,-38.414,-18.768,20.927,10.55,4.285,0.00,0.00,0.000,0,0,0,0,0,"2260",4,8,0,7,0,0,0
55248.016,1279552847,27.549415,-82.542498,-38.393,-18.768,20.972,10.55,4.294,-0.02,0.00,0.000,0,0,0,0,0,"2260",4,8,0,7,0,0,0
55249.016,1279552848,27.549415,-82.542498,-38.533,-18.768,20.972,10.55,4.294,-0.02,-0.01,0.010,0,0,0,0,0,"2260",4,7,0,7,0,0,0
55250.015,1279552849,27.549415,-82.542498,-38.600,-18.768,20.972,10.55,4.294,-0.03,-0.01,0.010,0,0,0,0,0,"2260",4,8,0,7,0,0,0
55251.016,1279552850,27.549415,-82.542498,-38.317,-18.768,21.018,10.55,4.303,-0.04,0.00,0.000,0,0,0,0,0,"2260",4,7,0,7,0,0,0
55252.016,1279552851,27.549415,-82.542498,-38.529,-18.768,21.018,10.64,4.303,-0.04,0.00,0.000,0,0,0,0,0,"2260",4,7,0,7,0,0,0
55253.016,1279552852,27.549415,-82.542498,-38.445,-18.768,21.064,10.64,4.312,-0.05,0.00,0.010,0,0,0,0,0,"2260",4,8,0,7,0,0,0
55254.015,1279552853,27.549415,-82.542498,-38.495,-18.768,21.064,10.64,4.312,-0.04,0.00,0.000,0,0,0,0,0,"2260",4,8,0,7,0,0,0
55255.016,1279552854,27.549415,-82.542498,-37.789,-18.768,21.064,10.64,4.312,-0.03,0.01,0.000,0,0,0,0,0,"2260",4,8,0,7,0,0,0
55256.016,1279552855,27.549415,-82.542498,-38.187,-18.768,21.109,10.64,4.321,0.00,0.00,0.000,0,0,0,0,0,"2260",4,7,0,7,0,0,0
55257.015,1279552856,27.549415,-82.542498,-38.250,-18.768,21.109,10.73,4.321,0.00,0.00,0.000,0,0,0,0,0,"2260",4,8,0,7,0,0,0
55258.015,1279552857,27.549415,-82.542498,-38.640,-18.768,21.155,10.73,4.331,0.01,0.00,0.000,0,0,0,0,0,"2260",4,8,0,7,0,0,0
55259.016,1279552858,27.549415,-82.542498,-38.180,-18.768,21.155,10.73,4.331,0.00,-0.01,0.000,0,0,0,0,0,"2260",4,8,0,7,0,0,0
55260.016,1279552859,27.549415,-82.542498,-38.206,-18.768,21.155,10.73,4.331,0.00,0.00,-0.010,0,0,0,0,0,"2260",4,8,0,7,0,0,0
55261.016,1279552860,27.549415,-82.542498,-38.322,-18.768,21.200,10.73,4.340,0.00,0.00,0.010,0,0,0,0,0,"2260",4,8,0,7,0,0,0
55262.016,1279552861,27.549415,-82.542498,-38.284,-18.768,21.200,10.82,4.340,0.02,-0.03,0.000,0,0,0,0,0,"2260",4,8,0,7,0,0,0
55263.016,1279552862,27.549414,-82.542497,-38.383,-18.762,21.825,11.34,4.465,0.01,0.00,-0.010,0,0,0,0,0,"2260",4,8,0,7,0,0,0
55264.016,1279552863,27.549415,-82.542502,-38.405,-19.318,20.649,10.27,4.229,0.01,0.01,0.000,0,0,0,0,0,"2260",4,8,0,7,0,0,0
55265.015,1279552864,27.549415,-82.542502,-38.247,-19.318,20.649,10.27,4.229,-0.01,0.01,0.000,0,0,0,0,0,"2260",4,8,0,7,0,0,0
55266.015,1279552865,27.549415,-82.542502,-38.549,-19.318,20.649,10.27,4.229,-0.01,0.00,-0.010,0,0,0,0,0,"2260",4,8,0,7,0,0,0
55267.015,1279552866,27.549415,-82.542502,-38.386,-19.318,20.649,10.37,4.229,0.00,0.00,0.000,0,0,0,0,0,"2260",4,8,0,7,0,0,0
55268.015,1279552867,27.549415,-82.542502,-38.178,-19.318,20.696,10.37,4.239,0.02,-0.01,0.000,0,0,0,0,0,"2260",4,8,0,7,0,0,0
55269.016,1279552868,27.549415,-82.542502,-38.199,-19.318,20.742,10.37,4.248,0.02,0.01,0.000,0,0,0,0,0,"2260",4,8,0,7,0,0,0
55270.016,1279552869,27.549415,-82.542502,-38.421,-19.318,20.742,10.37,4.248,0.03,-0.01,0.010,0,0,0,0,0,"2260",4,8,0,7,0,0,0
55271.015,1279552870,27.549415,-82.542502,-38.441,-19.318,20.742,10.37,4.248,0.03,0.00,0.000,0,0,0,0,0,"2260",4,8,0,7,0,0,0
55272.015,1279552871,27.549415,-82.542502,-38.431,-19.318,20.742,10.46,4.248,0.02,0.00,-0.010,0,0,0,0,0,"2260",4,8,0,7,0,0,0
55273.016,1279552872,27.549415,-82.542502,-38.653,-19.318,20.788,10.46,4.257,0.00,0.00,0.010,0,0,0,0,0,"2260",4,8,0,7,0,0,0
55274.016,1279552873,27.549415,-82.542502,-38.504,-19.318,20.835,10.46,4.267,0.00,0.00,0.000,0,0,0,0,0,"2260",4,8,0,7,0,0,0
55275.016,1279552874,27.549415,-82.542502,-38.366,-19.318,20.835,10.46,4.267,0.00,0.00,0.010,0,0,0,0,0,"2260",4,8,0,7,0,0,0
55276.016,1279552875,27.549415,-82.542502,-38.032,-19.318,20.835,10.46,4.267,0.00,0.00,0.000,0,0,0,0,0,"2260",4,8,0,7,0,0,0
55277.016,1279552876,27.549415,-82.542502,-38.241,-19.318,20.835,10.55,4.267,0.00,0.00,0.020,0,0,0,0,0,"2260",4,7,0,7,0,0,0
55278.016,1279552877,27.549415,-82.542502,-38.210,-19.318,20.881,10.55,4.276,0.00,0.00,-0.010,0,0,0,0,0,"2260",4,8,0,7,0,0,0
55279.016,1279552878,27.549415,-82.542502,-38.261,-19.318,20.927,10.55,4.285,-0.01,0.00,0.010,0,0,0,0,0,"2260",4,8,0,7,0,0,0
55280.016,1279552879,27.549415,-82.542502,-38.347,-19.318,20.927,10.55,4.285,0.00,0.00,0.000,0,0,0,0,0,"2260",4,8,0,7,0,0,0
55281.016,1279552880,27.549415,-82.542502,-38.268,-19.318,20.927,10.55,4.285,0.02,-0.01,-0.010,0,0,0,0,0,"2260",4,8,0,7,0,0,0
55282.016,1279552881,27.549415,-82.542502,-38.163,-19.318,20.927,10.64,4.285,0.02,-0.01,0.000,0,0,0,0,0,"2260",4,8,0,7,0,0,0
55283.016,1279552882,27.549415,-82.542502,-38.312,-19.318,20.972,10.64,4.294,0.03,-0.01,0.020,0,0,0,0,0,"2260",4,8,0,7,0,0,0
55284.016,1279552883,27.549415,-82.542502,-38.420,-19.318,21.018,10.64,4.303,0.04,0.00,-0.010,0,0,0,0,0,"2260",4,8,0,7,0,0,0
55285.015,1279552884,27.549415,-82.542502,-38.290,-19.318,21.018,10.64,4.303,0.00,0.00,0.010,0,0,0,0,0,"2260",4,8,0,7,0,0,0
55286.016,1279552885,27.549415,-82.542502,-38.390,-19.318,21.018,10.64,4.303,0.00,0.00,0.010,0,0,0,0,0,"2260",4,8,0,7,0,0,0
55287.016,1279552886,27.549415,-82.542502,-38.092,-19.318,21.018,10.73,4.303,0.00,0.00,0.000,0,0,0,0,0,"2260",4,8,0,7,0,0,0
55288.015,1279552887,27.549415,-82.542502,-38.390,-19.318,21.064,10.73,4.312,0.02,0.00,0.000,0,0,0,0,0,"2260",4,8,0,7,0,0,0
55289.015,1279552888,27.549415,-82.542502,-38.344,-19.318,21.109,10.73,4.321,0.03,0.00,0.000,0,0,0,0,0,"2260",4,7,0,7,0,0,0
55290.015,1279552889,27.549415,-82.542502,-38.329,-19.318,21.109,10.73,4.321,0.02,0.00,0.010,0,0,0,0,0,"2260",4,8,0,7,0,0,0
55291.016,1279552890,27.549415,-82.542502,-38.399,-19.318,21.109,10.73,4.321,0.01,-0.01,0.000,0,0,0,0,0,"2260",4,8,0,7,0,0,0
55292.016,1279552891,27.549415,-82.542502,-38.396,-19.318,21.109,10.82,4.321,0.04,0.00,0.000,0,0,0,0,0,"2260",4,8,0,7,0,0,0
55293.015,1279552892,27.549415,-82.542502,-38.549,-19.318,21.155,10.82,4.331,0.05,0.00,0.000,0,0,0,0,0,"2260",4,7,0,7,0,0,0
55294.016,1279552893,27.549415,-82.542502,-38.496,-19.318,21.200,10.82,4.340,0.04,0.00,0.000,0,0,0,0,0,"2260",4,8,0,7,0,0,0
55295.016,1279552894,27.549415,-82.542502,-38.274,-19.318,21.200,10.82,4.340,0.01,0.01,0.000,0,0,0,0,0,"2260",4,8,0,7,0,0,0
55296.016,1279552895,27.549415,-82.542502,-38.276,-19.318,21.200,10.82,4.340,0.00,0.00,0.000,0,0,0,0,0,"2260",4,7,0,7,0,0,0
55297.016,1279552896,27.549415,-82.542502,-38.383,-19.318,21.200,10.91,4.340,0.00,0.00,0.000,0,0,0,0,0,"2260",4,8,0,7,0,0,0
55298.016,1279552897,27.549415,-82.542502,-38.218,-19.318,21.245,10.91,4.349,0.00,0.00,0.010,0,0,0,0,0,"2260",4,8,0,7,0,0,0
55299.015,1279552898,27.549415,-82.542502,-38.458,-19.318,21.291,10.91,4.358,-0.01,0.00,0.010,0,0,0,0,0,"2260",4,8,0,7,0,0,0
55300.017,1279552899,27.549415,-82.542502,-38.234,-19.318,21.291,10.91,4.358,-0.02,-0.01,0.010,0,0,0,0,0,"2260",4,8,0,7,0,0,0
55301.016,1279552900,27.549415,-82.542502,-38.401,-19.318,21.291,10.91,4.358,-0.03,0.00,0.010,0,0,0,0,0,"2260",4,8,0,7,0,0,0
55302.016,1279552901,27.549415,-82.542502,-38.589,-19.318,21.291,11.00,4.358,-0.09,0.00,0.000,0,0,0,0,0,"2260",4,8,0,7,0,0,0
55303.015,1279552902,27.549415,-82.542502,-38.377,-19.318,21.336,11.00,4.367,-0.09,-0.01,0.000,0,0,0,0,0,"2260",4,8,0,7,0,0,0
55304.016,1279552903,27.549415,-82.542500,-38.216,-19.330,20.696,10.37,4.239,-0.07,0.00,0.000,0,0,0,0,0,"2260",4,8,0,7,0,0,0
55305.016,1279552904,27.549415,-82.542500,-38.378,-19.330,20.742,10.37,4.248,-0.06,0.00,0.000,0,0,0,0,0,"2260",4,7,0,7,0,0,0
55306.015,1279552905,27.549415,-82.542500,-38.501,-19.330,20.742,10.37,4.248,-0.04,0.00,0.000,0,0,0,0,0,"2260",4,7,0,7,0,0,0
55307.016,1279552906,27.549415,-82.542500,-38.362,-19.330,20.788,10.37,4.257,-0.05,0.00,0.000,0,0,0,0,0,"2260",4,7,0,7,0,0,0
55308.016,1279552907,27.549415,-82.542500,-38.291,-19.330,20.788,10.37,4.257,-0.01,0.00,0.000,0,0,0,0,0,"2260",4,8,0,7,0,0,0
55309.016,1279552908,27.549415,-82.542500,-38.311,-19.330,20.788,10.46,4.257,0.02,-0.02,-0.010,0,0,0,0,0,"2260",4,7,0,7,0,0,0
55310.016,1279552909,27.549418,-82.542503,-38.238,-19.292,21.381,11.00,4.376,0.06,0.05,-0.010,0,0,0,0,0,"2260",4,7,0,7,0,0,0
55311.015,1279552910,27.549421,-82.542497,-38.007,-19.322,20.972,11.25,4.294,0.06,0.04,0.020,0,0,0,0,0,"2260",4,7,0,7,0,0,0
55312.016,1279552911,27.549421,-82.542495,-38.365,-19.507,20.036,11.00,4.107,0.08,0.00,0.000,0,0,0,0,0,"2260",4,7,0,7,0,0,0
55313.015,1279552912,27.549423,-82.542494,-38.269,-19.447,20.696,11.59,4.239,0.11,0.01,0.000,0,0,0,0,0,"2260",4,7,0,7,0,0,0
55314.015,1279552913,27.549422,-82.542495,-38.323,-19.272,21.109,12.24,4.321,0.10,-0.05,-0.020,0,0,0,0,0,"2260",4,7,0,7,0,0,0
55315.016,1279552914,27.549416,-82.542493,-38.007,-19.165,21.693,13.36,4.438,0.05,-0.09,0.030,0,0,0,0,0,"2260",4,7,0,7,0,0,0
55316.015,1279552915,27.549410,-82.542487,-38.126,-19.386,22.000,14.13,4.500,0.00,-0.01,0.000,0,0,0,0,0,"2260",4,5,0,7,0,0,0
55317.016,1279552916,27.549409,-82.542486,-38.442,-19.398,22.218,14.33,4.543,0.03,-0.01,-0.050,0,0,0,0,0,"2260",4,5,0,7,0,0,0
55318.016,1279552917,27.549409,-82.542486,-38.354,-19.398,22.261,14.33,4.552,0.05,0.00,-0.010,0,0,0,0,0,"2260",4,7,0,7,0,0,0
55319.015,1279552918,27.549409,-82.542486,-38.817,-19.398,22.261,14.33,4.552,0.03,0.00,-0.010,0,0,0,0,0,"2260",4,7,0,7,0,0,0
55320.016,1279552919,27.549409,-82.542486,-38.610,-19.398,22.304,14.33,4.560,0.04,0.00,0.010,0,0,0,0,0,"2260",4,7,0,7,0,0,0
55321.016,1279552920,27.549409,-82.542486,-38.833,-19.398,22.304,14.40,4.560,0.04,0.00,0.000,0,0,0,0,0,"2260",4,6,0,7,0,0,0
55322.016,1279552921,27.549409,-82.542486,-38.179,-19.398,22.304,14.40,4.560,0.04,0.00,0.010,0,0,0,0,0,"2260",4,6,0,7,0,0,0
55323.015,1279552922,27.549409,-82.542486,-37.935,-19.398,22.347,14.40,4.569,0.04,0.00,-0.040,0,0,0,0,0,"2260",4,5,0,7,0,0,0
55324.016,1279552923,27.549411,-82.542489,-38.255,-19.367,23.682,15.49,4.836,0.02,0.05,0.010,0,0,0,0,0,"2260",4,6,0,7,0,0,0
55325.016,1279552924,27.549409,-82.542491,-38.146,-19.557,23.844,15.55,4.868,0.03,0.00,-0.010,0,0,0,0,0,"2260",4,7,0,7,0,0,0
55326.016,1279552925,27.549409,-82.542491,-38.193,-19.557,23.884,15.55,4.876,0.04,0.00,0.000,0,0,0,0,0,"2260",4,5,0,7,0,0,0
55327.016,1279552926,27.549409,-82.542491,-38.634,-19.557,23.884,15.61,4.876,0.03,0.00,-0.010,0,0,0,0,0,"2260",4,8,0,7,0,0,0
55328.016,1279552927,27.549409,-82.542491,-38.494,-19.557,23.884,15.61,4.876,0.02,0.00,0.000,0,0,0,0,0,"2260",4,8,0,7,0,0,0
55329.015,1279552928,27.549409,-82.542491,-38.623,-19.557,23.884,15.61,4.876,0.00,0.01,0.000,0,0,0,0,0,"2260",4,8,0,7,0,0,0
55330.017,1279552929,27.549409,-82.542491,-38.368,-19.557,23.924,15.61,4.884,0.00,0.00,0.000,0,0,0,0,0,"2260",4,8,0,7,0,0,0
55331.016,1279552930,27.549409,-82.542491,-38.613,-19.557,23.964,15.61,4.892,0.00,0.00,-0.010,0,0,0,0,0,"2260",4,8,0,7,0,0,0
55332.016,1279552931,27.549409,-82.542491,-38.352,-19.557,23.964,15.68,4.892,0.00,0.00,0.000,0,0,0,0,0,"2260",4,7,0,7,0,0,0
55333.015,1279552932,27.549409,-82.542491,-38.651,-19.557,23.964,15.68,4.892,0.03,0.01,-0.030,0,0,0,0,0,"2260",4,7,0,7,0,0,0
55334.016,1279552933,27.549409,-82.542491,-38.239,-19.557,23.964,15.68,4.892,0.03,0.00,0.000,0,0,0,0,0,"2260",4,7,0,7,0,0,0
55335.016,1279552934,27.549409,-82.542491,-38.575,-19.557,24.004,15.68,4.900,0.03,0.00,0.000,0,0,0,0,0,"2260",4,7,0,7,0,0,0
55336.016,1279552935,27.549409,-82.542491,-38.455,-19.557,24.044,15.68,4.908,0.01,0.00,0.000,0,0,0,0,0,"2260",4,7,0,7,0,0,0
55337.016,1279552936,27.549409,-82.542491,-38.534,-19.557,24.044,15.74,4.908,0.01,0.00,0.000,0,0,0,0,0,"2260",4,6,0,7,0,0,0
55338.016,1279552937,27.549409,-82.542491,-38.685,-19.557,24.044,15.74,4.908,0.00,0.00,0.010,0,0,0,0,0,"2260",4,6,0,7,0,0,0
55339.016,1279552938,27.549409,-82.542491,-38.369,-19.557,24.044,15.74,4.908,-0.01,0.00,0.000,0,0,0,0,0,"2260",4,6,0,7,0,0,0
55340.016,1279552939,27.549409,-82.542491,-38.182,-19.557,24.084,15.74,4.916,-0.01,0.00,0.000,0,0,0,0,0,"2260",4,6,0,7,0,0,0
55341.016,1279552940,27.549409,-82.542491,-38.331,-19.557,24.124,15.74,4.924,0.00,0.02,-0.040,0,0,0,0,0,"2260",4,6,0,7,0,0,0
55342.015,1279552941,27.549413,-82.542495,-38.101,-19.560,24.908,17.03,5.081,0.00,0.09,-0.070,0,0,0,0,0,"2260",4,7,0,7,0,0,0
55343.016,1279552942,27.549422,-82.542509,-38.230,-19.490,23.642,17.08,4.828,-0.01,0.14,-0.130,0,0,0,0,0,"2260",4,7,0,7,0,0,0
55344.016,1279552943,27.549433,-82.542526,-38.246,-19.668,22.561,16.28,4.612,0.00,0.13,-0.140,0,0,0,0,0,"2260",4,6,0,7,0,0,0
55345.015,1279552944,27.549446,-82.542542,-38.011,-19.581,21.781,15.43,4.456,0.04,0.11,-0.180,0,0,0,0,0,"2260",4,6,0,7,0,0,0
55346.016,1279552945,27.549458,-82.542565,-38.227,-19.910,21.381,14.92,4.376,0.07,0.17,-0.210,0,0,0,0,0,"2260",4,7,0,7,0,0,0
55347.016,1279552946,27.549471,-82.542589,-38.234,-19.806,21.200,14.53,4.340,0.08,0.15,-0.210,0,0,0,0,0,"2260",4,6,0,7,0,0,0
55348.016,1279552947,27.549483,-82.542615,-38.100,-19.853,20.972,14.20,4.294,0.13,0.16,-0.220,0,0,0,0,0,"2260",4,7,0,7,0,0,0
55349.016,1279552948,27.549499,-82.542639,-38.146,-19.921,20.972,14.13,4.294,0.10,0.14,-0.170,0,0,0,0,0,"2260",4,7,0,7,0,0,0
55350.016,1279552949,27.549507,-82.542653,-38.256,-19.749,21.291,14.66,4.358,0.17,0.02,-0.070,0,0,0,0,0,"2260",4,7,0,7,0,0,0
55351.015,1279552950,27.549506,-82.542659,-38.312,-19.446,21.018,14.79,4.303,0.17,0.01,0.030,0,0,0,0,0,"2260",4,7,0,7,0,0,0
55352.015,1279552951,27.549504,-82.542660,-38.153,-19.283,20.179,14.06,4.135,0.23,-0.04,0.000,0,0,0,0,0,"2260",4,7,0,7,0,0,0
55353.015,1279552952,27.549503,-82.542661,-38.386,-19.136,20.972,15.24,4.294,0.24,0.00,-0.010,0,0,0,0,0,"2260",4,7,0,7,0,0,0
55354.016,1279552953,27.549501,-82.542663,-38.253,-19.004,20.321,14.46,4.164,0.22,0.00,0.000,0,0,0,0,0,"2260",4,6,0,7,0,0,0
55355.016,1279552954,27.549501,-82.542663,-38.200,-19.004,20.368,14.46,4.173,0.22,0.00,0.000,0,0,0,0,0,"2260",4,6,0,7,0,0,0
55356.015,1279552955,27.549501,-82.542663,-38.412,-19.004,20.368,14.46,4.173,0.21,0.00,0.000,0,0,0,0,0,"2260",4,7,0,7,0,0,0
55357.015,1279552956,27.549501,-82.542663,-38.556,-19.004,20.368,14.46,4.173,0.19,0.00,0.000,0,0,0,0,0,"2260",4,7,0,7,0,0,0
55358.016,1279552957,27.549501,-82.542663,-38.685,-19.004,20.368,14.46,4.173,0.17,-0.01,0.010,0,0,0,0,0,"2260",4,6,0,7,0,0,0
55359.015,1279552958,27.549501,-82.542663,-38.367,-19.004,20.416,14.53,4.183,0.17,0.00,0.000,0,0,0,0,0,"2260",4,6,0,7,0,0,0
55360.016,1279552959,27.549501,-82.542663,-38.474,-19.004,20.463,14.53,4.192,0.16,0.00,0.000,0,0,0,0,0,"2260",4,6,0,7,0,0,0
55361.016,1279552960,27.549501,-82.542663,-38.782,-19.004,20.463,14.53,4.192,0.15,0.00,0.000,0,0,0,0,0,"2260",4,6,0,7,0,0,0
55362.016,1279552961,27.549501,-82.542663,-38.260,-19.004,20.463,14.53,4.192,0.15,-0.01,0.020,0,0,0,0,0,"2260",4,6,0,7,0,0,0
55363.016,1279552962,27.549501,-82.542663,-38.563,-19.004,20.463,14.53,4.192,0.14,0.00,0.000,0,0,0,0,0,"2260",4,6,0,7,0,0,0
55364.016,1279552963,27.549501,-82.542663,-38.179,-19.004,20.509,14.60,4.201,0.13,0.00,-0.010,0,0,0,0,0,"2260",4,6,0,7,0,0,0
55365.016,1279552964,27.549501,-82.542663,-38.099,-19.004,20.556,14.60,4.211,0.13,0.00,0.000,0,0,0,0,0,"2260",4,6,0,7,0,0,0
55366.016,1279552965,27.549501,-82.542663,-38.137,-19.004,20.556,14.60,4.211,0.12,-0.01,-0.010,0,0,0,0,0,"2260",4,6,0,7,0,0,0
55367.016,1279552966,27.549501,-82.542663,-38.060,-19.004,20.556,14.60,4.211,0.10,-0.01,0.000,0,0,0,0,0,"2260",4,6,0,7,0,0,0
55368.016,1279552967,27.549501,-82.542663,-38.131,-19.004,20.556,14.60,4.211,0.09,0.00,-0.010,0,0,0,0,0,"2260",4,6,0,7,0,0,0
55369.015,1279552968,27.549501,-82.542663,-37.796,-19.004,20.603,14.66,4.220,0.09,0.00,0.000,0,0,0,0,0,"2260",4,6,0,7,0,0,0
55370.016,1279552969,27.549501,-82.542663,-38.231,-19.004,20.649,14.66,4.229,0.10,0.00,0.010,0,0,0,0,0,"2260",4,6,0,7,0,0,0
55371.015,1279552970,27.549501,-82.542663,-38.217,-19.004,20.649,14.66,4.229,0.09,-0.01,0.010,0,0,0,0,0,"2260",4,6,0,7,0,0,0
55372.015,1279552971,27.549501,-82.542663,-37.837,-19.004,20.649,14.66,4.229,0.08,0.00,0.000,0,0,0,0,0,"2260",4,6,0,7,0,0,0
55373.016,1279552972,27.549501,-82.542663,-38.239,-19.004,20.649,14.66,4.229,0.07,0.00,0.000,0,0,0,0,0,"2260",4,6,0,7,0,0,0
55374.015,1279552973,27.549501,-82.542663,-38.120,-19.004,20.696,14.73,4.239,0.06,0.00,0.000,0,0,0,0,0,"2260",4,6,0,7,0,0,0
55375.016,1279552974,27.549501,-82.542663,-37.966,-19.004,20.742,14.73,4.248,0.05,0.00,0.000,0,0,0,0,0,"2260",4,6,0,7,0,0,0
55376.016,1279552975,27.549501,-82.542663,-38.376,-19.004,20.742,14.73,4.248,0.04,0.00,0.000,0,0,0,0,0,"2260",4,6,0,7,0,0,0
55377.016,1279552976,27.549501,-82.542663,-38.279,-19.004,20.742,14.73,4.248,0.04,0.00,0.000,0,0,0,0,0,"2260",4,6,0,7,0,0,0
55378.016,1279552977,27.549501,-82.542663,-38.215,-19.004,20.742,14.73,4.248,0.04,0.00,0.000,0,0,0,0,0,"2260",4,6,0,7,0,0,0
55379.016,1279552978,27.549501,-82.542663,-38.298,-19.004,20.788,14.79,4.257,0.04,-0.01,0.000,0,0,0,0,0,"2260",4,6,0,7,0,0,0
55380.016,1279552979,27.549501,-82.542663,-38.437,-19.004,20.835,14.79,4.267,0.03,0.00,-0.020,0,0,0,0,0,"2260",4,6,0,7,0,0,0
55381.016,1279552980,27.549501,-82.542663,-38.414,-19.004,20.835,14.79,4.267,0.03,0.00,0.000,0,0,0,0,0,"2260",4,6,0,7,0,0,0
55382.015,1279552981,27.549501,-82.542663,-38.302,-19.004,20.835,14.79,4.267,0.04,0.00,0.010,0,0,0,0,0,"2260",4,6,0,7,0,0,0
55383.015,1279552982,27.549501,-82.542663,-38.259,-19.004,20.835,14.79,4.267,0.02,0.00,-0.020,0,0,0,0,0,"2260",4,6,0,7,0,0,0
55384.015,1279552983,27.549501,-82.542663,-38.186,-19.004,20.881,14.86,4.276,0.00,0.00,-0.010,0,0,0,0,0,"2260",4,5,0,7,0,0,0
55385.016,1279552984,27.549501,-82.542663,-38.141,-19.004,20.927,14.86,4.285,-0.01,0.00,0.000,0,0,0,0,0,"2260",4,6,0,7,0,0,0
55386.015,1279552985,27.549501,-82.542663,-38.109,-19.004,20.927,14.86,4.285,-0.02,0.00,0.000,0,0,0,0,0,"2260",4,6,0,7,0,0,0
55387.016,1279552986,27.549501,-82.542663,-38.362,-19.004,20.927,14.86,4.285,-0.03,0.00,0.000,0,0,0,0,0,"2260",4,6,0,7,0,0,0
55388.016,1279552987,27.549501,-82.542663,-38.142,-19.004,20.927,14.86,4.285,-0.02,0.00,0.000,0,0,0,0,0,"2260",4,6,0,7,0,0,0
55389.016,1279552988,27.549501,-82.542663,-38.007,-19.004,20.972,14.92,4.294,-0.02,0.00,-0.010,0,0,0,0,0,"2260",4,6,0,7,0,0,0
55390.016,1279552989,27.549501,-82.542663,-38.045,-19.004,21.018,14.92,4.303,-0.01,0.00,0.000,0,0,0,0,0,"2260",4,6,0,7,0,0,0
55391.015,1279552990,27.549501,-82.542663,-38.031,-19.004,21.018,14.92,4.303,-0.02,0.00,0.000,0,0,0,0,0,"2260",4,6,0,7,0,0,0
55392.016,1279552991,27.549501,-82.542663,-38.065,-19.004,21.018,14.92,4.303,0.00,0.00,0.010,0,0,0,0,0,"2260",4,6,0,7,0,0,0
55393.016,1279552992,27.549501,-82.542663,-38.199,-19.004,21.018,14.92,4.303,0.00,0.00,0.000,0,0,0,0,0,"2260",3,6,0,7,0,0,0
55394.016,1279552993,27.549499,-82.542663,-38.475,-18.857,20.742,14.60,4.248,-0.01,0.00,-0.010,0,0,0,0,0,"2260",3,6,0,7,0,0,0
55395.016,1279552994,27.549499,-82.542663,-38.229,-18.857,20.788,14.60,4.257,-0.02,0.00,0.000,0,0,0,0,0,"2260",3,6,0,7,0,0,0
55396.016,1279552995,27.549499,-82.542663,-38.197,-18.857,20.788,14.60,4.257,-0.03,-0.01,0.020,0,0,0,0,0,"2260",3,6,0,7,0,0,0
55397.016,1279552996,27.549499,-82.542663,-38.118,-18.857,20.788,14.66,4.257,-0.01,-0.01,0.010,0,0,0,0,0,"2260",3,6,0,7,0,0,0
55398.016,1279552997,27.549499,-82.542663,-38.411,-18.857,20.788,14.66,4.257,-0.01,0.00,0.000,0,0,0,0,0,"2260",3,6,0,7,0,0,0
55399.016,1279552998,27.549499,-82.542663,-38.264,-18.857,20.835,14.66,4.267,-0.01,0.00,0.000,0,0,0,0,0,"2260",3,6,0,7,0,0,0
55400.015,1279552999,27.549499,-82.542663,-37.967,-18.857,20.881,14.66,4.276,0.00,0.00,0.010,0,0,0,0,0,"2260",3,6,0,7,0,0,0
55401.016,1279553000,27.549499,-82.542663,-38.022,-18.857,20.881,14.66,4.276,0.00,0.00,0.010,0,0,0,0,0,"2260",3,6,0,7,0,0,0
55402.015,1279553001,27.549499,-82.542663,-37.943,-18.857,20.881,14.73,4.276,0.00,0.00,0.000,0,0,0,0,0,"2260",3,5,0,7,0,0,0
55403.015,1279553002,27.549499,-82.542663,-38.210,-18.857,20.881,14.73,4.276,0.00,0.00,0.000,0,0,0,0,0,"2260",3,6,0,7,0,0,0
55404.016,1279553003,27.549499,-82.542663,-38.045,-18.857,20.927,14.73,4.285,0.00,0.00,0.000,0,0,0,0,0,"2260",3,6,0,7,0,0,0
55405.016,1279553004,27.549499,-82.542663,-37.961,-18.857,20.972,14.73,4.294,0.00,0.00,0.000,0,0,0,0,0,"2260",3,6,0,7,0,0,0
55406.016,1279553005,27.549499,-82.542663,-38.230,-18.857,20.972,14.73,4.294,0.00,0.00,-0.010,0,0,0,0,0,"2260",3,5,0,7,0,0,0
55407.016,1279553006,27.549499,-82.542663,-38.043,-18.857,20.972,14.79,4.294,-0.02,0.00,0.000,0,0,0,0,0,"2260",3,6,0,7,0,0,0
55408.016,1279553007,27.549499,-82.542663,-38.285,-18.857,20.972,14.79,4.294,-0.02,0.00,-0.020,0,0,0,0,0,"2260",3,6,0,7,0,0,0
55409.016,1279553008,27.549499,-82.542663,-37.917,-18.857,21.018,14.79,4.303,-0.02,0.00,0.000,0,0,0,0,0,"2260",3,6,0,7,0,0,0
55410.016,1279553009,27.549499,-82.542663,-37.727,-18.857,21.064,14.79,4.312,0.00,0.00,0.000,0,0,0,0,0,"2260",3,6,0,7,0,0,0
55411.016,1279553010,27.549499,-82.542663,-37.797,-18.857,21.064,14.79,4.312,0.00,0.00,0.020,0,0,0,0,0,"2260",3,6,0,7,0,0,0
55412.016,1279553011,27.549499,-82.542663,-37.935,-18.857,21.064,14.86,4.312,0.00,0.00,0.020,0,0,0,0,0,"2260",4,6,0,7,0,0,0
55413.016,1279553012,27.549499,-82.542663,-38.048,-18.857,21.064,14.86,4.312,0.00,0.01,-0.010,0,0,0,0,0,"2260",4,6,0,7,0,0,0
55414.016,1279553013,27.549499,-82.542663,-37.766,-18.857,21.109,14.86,4.321,0.01,0.00,0.000,0,0,0,0,0,"2260",4,6,0,7,0,0,0
55415.018,1279553014,27.549499,-82.542663,-37.804,-18.857,21.155,14.86,4.331,0.00,0.01,-0.060,0,0,0,0,0,"2260",4,5,0,7,0,0,0
